variant,fixture,regime,session,query,label,n_block,cos_top1,cos_top2,cos_margin,fused_top1,fused_top2,fused_margin,entropy,bm25_top1_raw,bm25_best_text,bm25_hits,vector_top1_is_text_top1,subject_key,subject_competitors,subject_distinctive,subject_query_overlap,subject_min_df,subject_admits,query_chars,query_tokens,query_is_question,query_first_word,live_facts,stored_facts,n_subjects,session_span_s,gate_open,top1_fact
mxbai,bench_factconsolidation_sh_6k_fold0,bench,calib-factconsolidation_sh_6k-fold0,Which sport is goaltender associated with?,positive,12,0.873803675174713,0.7713747024536131,0.10242897272109996,0.6721566732113177,0.5933651557335485,0.07879151747776914,2.46488330605504,0.0,3.25,48,False,associated goaltender sport,14,1,1,1,True,42,6,True,which,150,219,150,0.0,True,goaltender is associated with the sport of ice hockey.
mxbai,bench_factconsolidation_sh_6k_fold0,bench,calib-factconsolidation_sh_6k-fold0,What is Nobuhiro Watsuki famous for?,hard_negative,12,0.39971184730529796,0.486853003501892,-0.08714115619659402,0.399711847305298,0.37450231038607074,0.025209536919227282,2.4804488950757744,11.0,11.0,48,True,crane famous stephen work,2,4,1,1,True,36,6,True,what,150,219,150,0.0,True,Stephen Crane is famous for Charlie Hebdo.
mxbai,bench_factconsolidation_sh_6k_fold0,bench,calib-factconsolidation_sh_6k-fold0,Which country was rugby union created in?,positive,12,0.860497772693634,0.684110760688782,0.17638701200485207,0.784376815878428,0.684110760688782,0.10026605518964604,2.458161875708952,7.4,12.0,48,False,country created rugby union,9,2,2,1,True,41,7,True,which,150,219,150,0.0,True,rugby union was created in the country of England.
mxbai,bench_factconsolidation_sh_6k_fold0,bench,calib-factconsolidation_sh_6k-fold0,What is Ferdowsi famous for?,positive,12,0.833027362823486,0.562349498271942,0.27067786455154397,0.6407902790949892,0.4325765371322631,0.20821374196272613,2.4632074903161145,0.0,11.0,48,False,famous ferdowsi work,1,3,2,1,True,28,5,True,what,150,219,150,0.0,True,Ferdowsi is famous for Shahnameh.
mxbai,bench_factconsolidation_sh_6k_fold0,bench,calib-factconsolidation_sh_6k-fold0,Which university was Joan Didion educated at?,positive,12,0.849915981292725,0.5775050520896909,0.2724109292030341,0.653781524071327,0.5775050520896909,0.07627647198163601,2.476019641704815,0.0,12.0,48,False,didion educated joan university,11,2,2,1,True,45,7,True,which,150,219,150,0.0,True,"The univeristy where Joan Didion was educated is University of California, Berkeley."
mxbai,bench_factconsolidation_sh_6k_fold0,bench,calib-factconsolidation_sh_6k-fold0,Who is the author of The Marriage of Figaro?,hard_negative,12,0.513493657112122,0.548869609832764,-0.03537595272064198,0.5087537156618562,0.42220739217904923,0.086546323482807,2.4793162636764023,1.8,1.875,48,False,author endymion,6,1,0,1,False,44,9,True,who,150,219,150,0.0,False,The author of Endymion is John Keats.
mxbai,bench_factconsolidation_sh_6k_fold0,bench,calib-factconsolidation_sh_6k-fold0,Which sport is Tunisia national football team associated with?,hard_negative,12,0.587565541267395,0.5854141116142271,0.0021514296531679467,0.5145544385063577,0.5126703462657136,0.0018840922406441196,2.4792588912828246,1.5,3.25,48,False,associated midfielder sport,14,1,0,1,False,62,9,True,which,150,219,150,0.0,False,midfielder is associated with the sport of association football.
mxbai,bench_factconsolidation_sh_6k_fold0,bench,calib-factconsolidation_sh_6k-fold0,Which sport is quarterback associated with?,hard_negative,12,0.6668961644172671,0.576681733131409,0.09021443128585804,0.6668961644172671,0.525496963918562,0.14139920049870502,2.474052434441826,3.25,3.25,48,True,associated receiver sport wide,14,2,0,1,False,43,6,True,which,150,219,150,0.0,False,wide receiver is associated with the sport of American football.
mxbai,bench_factconsolidation_sh_6k_fold0,bench,calib-factconsolidation_sh_6k-fold0,What is the official language of Japan?,positive,12,0.818703532218933,0.9429317712783813,-0.12422823905944835,0.7317950034141538,0.725332131752601,0.006462871661552794,2.465623481256779,5.4,10.0,48,False,japan language official,13,1,1,2,True,39,7,True,what,150,219,150,0.0,True,The official language of Japan is Swedish.
mxbai,bench_factconsolidation_sh_6k_fold0,bench,calib-factconsolidation_sh_6k-fold0,What is the name of the current head of the Tucson government?,positive,12,0.865870356559753,0.6641384363174441,0.2017319202423089,0.6660541204305792,0.5108757202441877,0.1551784001863915,2.465015138458979,0.0,2.375,48,False,current government head tucson,2,2,2,1,True,62,12,True,what,150,219,150,0.0,True,The name of the current head of the Tucson government is Jonathan Rothschild.
mxbai,bench_factconsolidation_sh_6k_fold0,bench,calib-factconsolidation_sh_6k-fold0,What is the name of the current head of the Italy government?,hard_negative,12,0.642772853374481,0.632202744483948,0.010570108890533003,0.49444065644190843,0.4863098034491907,0.008130852992717708,2.481066597499263,0.0,2.375,48,False,capital italy,4,1,1,1,True,61,12,True,what,150,219,150,0.0,True,The capital of Italy is Rome.
mxbai,bench_factconsolidation_sh_6k_fold0,bench,calib-factconsolidation_sh_6k-fold0,Who performed Meredith Grey?,hard_negative,12,0.5859301686286931,0.46065640449523904,0.12527376413345404,0.5859301686286931,0.41509697987483074,0.17083318875386233,2.4602315259550718,14.0,14.0,7,True,derek shepherd spouse,7,2,0,1,False,28,4,True,who,150,219,150,0.0,True,Derek Shepherd is married to Meredith Grey.
mxbai,bench_factconsolidation_sh_6k_fold0,bench,calib-factconsolidation_sh_6k-fold0,What position does Robert Parish play?,hard_negative,12,0.540461242198944,0.530642330646515,0.009818911552428977,0.540461242198944,0.530642330646515,0.009818911552428977,2.4790939604121864,7.0,7.0,10,False,hines plays position ward,5,2,0,1,False,38,6,True,what,150,219,150,0.0,False,Hines Ward plays the position of cornerback.
mxbai,bench_factconsolidation_sh_6k_fold0,bench,calib-factconsolidation_sh_6k-fold0,What is the country of citizenship of Cédric Klapisch?,positive,12,0.917922854423523,0.85370272397995,0.064220130443573,0.70609450340271,0.6566944030615,0.04940010034121001,2.4465152264407797,0.0,11.0,48,False,citizenship cédric klapisch,15,2,2,1,True,54,9,True,what,150,219,150,0.0,True,Cédric Klapisch is a citizen of France.
mxbai,bench_factconsolidation_sh_6k_fold0,bench,calib-factconsolidation_sh_6k-fold0,Who is the author of Sidereus Nuncius?,positive,12,0.816733360290527,0.723458290100098,0.09327507019042902,0.6282564309927131,0.5565063770000753,0.07175005399263779,2.4640998325364643,0.0,1.75,48,False,author nuncius sidereus,6,2,2,1,True,38,7,True,who,150,219,150,0.0,True,The author of Sidereus Nuncius is Galileo Galilei.
mxbai,bench_factconsolidation_sh_6k_fold0,bench,calib-factconsolidation_sh_6k-fold0,Which continent is Germany located in?,hard_negative,12,0.5834498405456541,0.510698080062866,0.07275176048278809,0.5834498405456541,0.510698080062866,0.07275176048278809,2.4745712507643316,4.75,4.75,48,False,continent located malaysia,3,1,0,1,False,38,6,True,which,150,219,150,0.0,False,Malaysia is located in the continent of Asia.
mxbai,bench_factconsolidation_sh_6k_fold0,bench,calib-factconsolidation_sh_6k-fold0,Which religion is Kingdom of Ireland affiliated with?,positive,12,0.892423868179321,0.819624960422516,0.07279890775680498,0.6864798985994777,0.6304807387865508,0.05599915981292691,2.4647241033992233,0.0,2.42857142857143,48,False,ireland kingdom religion,6,2,2,1,True,53,8,True,which,150,219,150,0.0,True,Kingdom of Ireland is affiliated with the religion of Catholic Church.
mxbai,bench_factconsolidation_sh_6k_fold0,bench,calib-factconsolidation_sh_6k-fold0,Which country was association football created in?,hard_negative,12,0.6903785467147829,0.649594485759735,0.04078406095504794,0.6903785467147829,0.649594485759735,0.04078406095504794,2.475286635622827,9.0,9.0,48,False,associated firm new sport,14,2,0,1,False,50,7,True,which,150,219,150,0.0,False,New Firm is associated with the sport of association football.
mxbai,bench_factconsolidation_sh_6k_fold0,bench,calib-factconsolidation_sh_6k-fold0,Who is the developer of Windows Phone?,hard_negative,12,0.595671951770782,0.5892184972763059,0.006453454494476096,0.5171218042845251,0.4532449979048507,0.06387680637967447,2.466441812633382,0.428571428571429,1.0,48,False,chief executive microsoft officer,2,1,0,1,False,38,7,True,who,150,219,150,0.0,False,The chief executive officer of Microsoft is Steve Jobs.
mxbai,bench_factconsolidation_sh_6k_fold0,bench,calib-factconsolidation_sh_6k-fold0,Who is the chief executive officer of Microsoft?,positive,12,0.9049134254455566,0.8644669651985171,0.04044646024703957,0.9049134254455568,0.6649745886142439,0.2399388368313129,2.417617313607273,5.83333333333333,5.83333333333333,48,True,chief executive microsoft officer,2,1,1,1,True,48,8,True,who,150,219,150,0.0,True,The chief executive officer of Microsoft is Steve Jobs.
mxbai,bench_factconsolidation_sh_6k_fold0,bench,calib-factconsolidation_sh_6k-fold0,Who is the chairperson of Harvard University?,positive,12,0.8815072178840639,0.860125005245209,0.02138221263885498,0.6780824752954338,0.6616346194193915,0.01644785587604225,2.4522673016815153,0.0,2.5,48,False,chairperson harvard university,12,2,2,1,True,45,7,True,who,150,219,150,0.0,True,The chairperson of Harvard University is Lawrence S. Bacow.
mxbai,bench_factconsolidation_sh_6k_fold0,bench,calib-factconsolidation_sh_6k-fold0,Who founded Church of Scotland?,positive,12,0.853563666343689,0.648050725460052,0.20551294088363692,0.6565874356489915,0.6293569545333196,0.027230481115671834,2.4625511115476586,0.0,8.0,48,False,church founder scotland,7,2,2,1,True,31,5,True,who,150,219,150,0.0,True,Church of Scotland was founded by John Knox.
mxbai,bench_factconsolidation_sh_6k_fold0,bench,calib-factconsolidation_sh_6k-fold0,Which sport is Galwegians RFC associated with?,hard_negative,12,0.674649477005005,0.582076847553253,0.09257262945175204,0.5189611361576961,0.44775142119480993,0.0712097149628862,2.479794924591904,0.0,3.25,48,False,associated gala rfc sport,14,2,1,1,True,46,7,True,which,150,219,150,0.0,True,Gala RFC is associated with the sport of rugby union.
mxbai,bench_factconsolidation_sh_6k_fold0,bench,calib-factconsolidation_sh_6k-fold0,Who is the director of American Broadcasting Company?,positive,12,0.830074608325958,0.826837778091431,0.0032368302345270328,0.7502597421407696,0.6360290600703316,0.11423068207043807,2.448460838098215,5.83333333333333,10.0,48,False,american broadcasting company director,5,2,2,1,True,53,8,True,who,150,219,150,0.0,True,The director of American Broadcasting Company is Ernst Heinkel.
mxbai,bench_factconsolidation_sh_6k_fold0,bench,calib-factconsolidation_sh_6k-fold0,Which city did Gennady Rozhdestvensky die in?,hard_negative,12,0.4985431432724,0.489166378974915,0.009376764297485018,0.4985431432724,0.48916637897491494,0.009376764297485074,2.4805623300237447,4.0,4.0,48,False,city died frank zappa,14,2,0,2,False,45,7,True,which,150,219,150,0.0,True,Frank Zappa died in the city of Berlin.
mxbai,bench_factconsolidation_sh_6k_fold0,bench,calib-factconsolidation_sh_6k-fold0,What is the capital of Tang Empire?,positive,12,0.9108247756958008,0.812897384166718,0.09792739152908281,0.9108247756958007,0.812897384166718,0.0979273915290827,2.41530456724917,6.0,6.0,48,True,capital empire tang,5,2,2,1,True,35,7,True,what,150,219,150,0.0,True,The capital of Tang Empire is Chang'an.
mxbai,bench_factconsolidation_sh_6k_fold0,bench,calib-factconsolidation_sh_6k-fold0,Who is the director of British Broadcasting Corporation?,positive,12,0.849072396755219,0.8455520868301389,0.003520309925080012,0.8490723967552191,0.65042468217703,0.19864771457818908,2.438127106111615,3.33333333333333,3.33333333333333,48,True,british broadcasting corporation director,2,3,3,1,True,56,8,True,who,150,219,150,0.0,True,"The director of British Broadcasting Corporation is Tony Hall, Baron Hall of Birkenhead."
mxbai,bench_factconsolidation_sh_6k_fold0,bench,calib-factconsolidation_sh_6k-fold0,What is the country of citizenship of Benjamin Mazar?,hard_negative,12,0.524487435817719,0.508409559726715,0.016077876091003973,0.40345187370593766,0.39108427671285767,0.012367596993079988,2.483297487533599,0.0,11.0,48,False,charles citizenship messier,16,2,0,1,False,53,9,True,what,150,219,150,0.0,False,Charles Messier is a citizen of Iran.
mxbai,bench_factconsolidation_sh_6k_fold0,bench,calib-factconsolidation_sh_6k-fold0,What type of music does Michael Mantler play?,hard_negative,12,0.402495741844177,0.391895055770874,0.010600686073303,0.36534228875086827,0.3557201275458702,0.009622161204998092,2.4838481617206356,1.0,1.66666666666667,48,False,citizenship elton john,17,1,0,1,False,45,8,True,what,150,219,150,0.0,True,Elton John is a citizen of United Kingdom.
mxbai,bench_factconsolidation_sh_6k_fold0,bench,calib-factconsolidation_sh_6k-fold0,Which city did Oscar Wilde die in?,hard_negative,12,0.625357687473297,0.6071071028709409,0.018250584602356068,0.625357687473297,0.4936914902466992,0.13166619722659778,2.4727852217481963,21.0,21.0,48,True,author fan lady windermere,6,3,0,1,False,34,7,True,which,150,219,150,0.0,True,The author of Lady Windermere's Fan is Oscar Wilde.
mxbai,bench_factconsolidation_sh_6k_fold0,bench,calib-factconsolidation_sh_6k-fold0,Which country was baseball created in?,hard_negative,12,0.669218897819519,0.568816542625427,0.10040235519409202,0.5920013326864975,0.568816542625427,0.023184790061070437,2.4788515338728034,5.0,10.0,48,False,country created cricket,8,1,0,1,False,38,6,True,which,150,219,150,0.0,False,cricket was created in the country of Australia.
mxbai,bench_factconsolidation_sh_6k_fold0,bench,calib-factconsolidation_sh_6k-fold0,What is the country of citizenship of Ernst Heinkel?,hard_negative,12,0.640355587005615,0.603903472423553,0.03645211458206199,0.5228077956846542,0.46454113263350233,0.05826666305115186,2.4774648086282056,2.25,11.0,48,False,american broadcasting company director,5,2,0,1,False,52,9,True,what,150,219,150,0.0,False,The director of American Broadcasting Company is Ernst Heinkel.
mxbai,bench_factconsolidation_sh_6k_fold0,bench,calib-factconsolidation_sh_6k-fold0,Which city is the headquarter of The University of the Arts located in?,positive,12,0.8021115660667419,0.678622901439667,0.12348866462707497,0.7935683659547885,0.5220176164920515,0.27155074946273705,2.463205259951142,3.1,3.25,48,False,arts headquarters university,11,1,1,1,True,71,13,True,which,150,219,150,0.0,True,The headquarters of The University of the Arts is located in the city of Philadelphia.
mxbai,bench_factconsolidation_sh_6k_fold0,bench,calib-factconsolidation_sh_6k-fold0,Which country was rap rock created in?,positive,12,0.864254057407379,0.775466501712799,0.08878755569458008,0.6648108133902916,0.59651269362523,0.06829811976506162,2.467611598353581,0.0,8.0,48,False,country created rap rock,8,2,2,1,True,38,7,True,which,150,219,150,0.0,True,rap rock was created in the country of United States of America.
mxbai,bench_factconsolidation_sh_6k_fold0,bench,calib-factconsolidation_sh_6k-fold0,What is the official language of United States of America?,positive,12,0.848353147506714,0.9014919996261597,-0.05313885211944569,0.6992980927437336,0.6934553843278151,0.005842708415918496,2.4701892677457225,2.625,11.0,48,False,america language official states united,13,2,2,2,True,58,10,True,what,150,219,150,0.0,True,The official language of United States of America is German.
mxbai,bench_factconsolidation_sh_6k_fold0,bench,calib-factconsolidation_sh_6k-fold0,Who performed Past Masters?,hard_negative,12,0.39951479434966997,0.39909017086029097,0.00042462348937899463,0.39951479434967,0.399090170860291,0.00042462348937899463,2.4796734597012016,8.0,8.0,6,True,aladdin performer sane,2,2,0,1,False,27,4,True,who,150,219,150,0.0,True,Aladdin Sane was performed by David Bowie.
mxbai,bench_factconsolidation_sh_6k_fold0,bench,calib-factconsolidation_sh_6k-fold0,What is the capital of Japan?,positive,12,0.885159254074097,0.607745349407196,0.27741390466690097,0.6808917339031515,0.582245544536964,0.09864618936618752,2.4703842724573843,0.0,2.2,48,False,capital japan,5,1,1,2,True,29,6,True,what,150,219,150,0.0,True,The capital of Japan is Tokyo.
mxbai,bench_factconsolidation_sh_6k_fold0,bench,calib-factconsolidation_sh_6k-fold0,What is the capital of France?,hard_negative,12,0.478556990623474,0.46890962123870805,0.009647369384765958,0.478556990623474,0.46890962123870805,0.009647369384765958,2.4812483162220147,2.2,2.2,48,True,capital empire tang,5,2,0,1,False,30,6,True,what,150,219,150,0.0,False,The capital of Tang Empire is Chang'an.
mxbai,bench_factconsolidation_sh_6k_fold0,bench,calib-factconsolidation_sh_6k-fold0,Who is the developer of SteamOS?,hard_negative,12,0.606299996376038,0.496171116828918,0.11012887954712003,0.4663846125969523,0.4307419585657641,0.035642654031188215,2.4728474627236348,0.0,1.0,48,False,citizenship gabe newell,15,2,0,1,False,32,6,True,who,150,219,150,0.0,False,Gabe Newell is a citizen of United States of America.
mxbai,bench_factconsolidation_sh_6k_fold0,bench,calib-factconsolidation_sh_6k-fold0,Which city is the headquarter of University of Bucharest located in?,positive,12,0.7047333717346189,0.877128779888153,-0.17239540815353405,0.7047333717346189,0.67471444606781,0.03001892566680897,2.4569321759034,4.25,4.25,48,True,employer leonte răutu,1,3,0,1,True,68,11,True,which,150,219,150,0.0,True,Leonte Răutu is employed by University of Bucharest.
mxbai,bench_factconsolidation_sh_6k_fold0,bench,calib-factconsolidation_sh_6k-fold0,Which sport is wide receiver associated with?,positive,12,0.8317804932594299,0.73482471704483,0.09695577621459994,0.8317804932594299,0.5652497823421769,0.266530710917253,2.459083055771198,6.2,6.2,48,True,associated receiver sport wide,14,2,2,1,True,45,7,True,which,150,219,150,0.0,True,wide receiver is associated with the sport of American football.
mxbai,bench_factconsolidation_sh_6k_fold0,bench,calib-factconsolidation_sh_6k-fold0,What position does Hines Ward play?,positive,12,0.830650568008423,0.806624472141266,0.024026095867156982,0.830650568008423,0.806624472141266,0.024026095867156982,2.446190832851142,8.75,8.75,9,True,hines plays position ward,5,2,2,1,True,35,6,True,what,150,219,150,0.0,True,Hines Ward plays the position of cornerback.
mxbai,bench_factconsolidation_sh_6k_fold0,bench,calib-factconsolidation_sh_6k-fold0,What is the capital of Australia?,hard_negative,12,0.549537122249603,0.6503453254699709,-0.10080820322036788,0.549537122249603,0.5002656349769007,0.04927148727270236,2.476467625449252,3.5,3.5,48,True,country created cricket,8,1,0,1,False,33,6,True,what,150,219,150,0.0,True,cricket was created in the country of Australia.
mxbai,bench_factconsolidation_sh_6k_fold0,bench,calib-factconsolidation_sh_6k-fold0,Which continent is Malaysia located in?,positive,12,0.873707175254822,0.807223081588745,0.066484093666077,0.8737071752548221,0.6209408319913423,0.2527663432634798,2.436987637725773,6.5,6.5,48,True,continent located malaysia,3,1,1,1,True,39,6,True,which,150,219,150,0.0,True,Malaysia is located in the continent of Asia.
mxbai,bench_factconsolidation_sh_6k_fold0,bench,calib-factconsolidation_sh_6k-fold0,Who is the author of A Wizard of Earthsea?,positive,12,0.879514396190643,0.788505673408508,0.09100872278213501,0.6765495355312638,0.6065428256988523,0.07000670983241153,2.4603366223510674,0.0,2.0,48,False,author earthsea wizard,6,2,2,1,True,42,9,True,who,150,219,150,0.0,True,The author of A Wizard of Earthsea is Ursula K. Le Guin.
mxbai,bench_factconsolidation_sh_6k_fold0,bench,calib-factconsolidation_sh_6k-fold0,Who performed Free as a Bird?,hard_negative,12,0.48770618438720703,0.46689277887344405,0.020813405513762984,0.487706184387207,0.46689277887344405,0.020813405513762928,2.4745956387632906,8.0,8.0,6,False,born performer u,3,2,0,1,False,29,6,True,who,150,219,150,0.0,False,Born in the U.S.A. was performed by Bruce Springsteen.
mxbai,bench_factconsolidation_sh_6k_fold0,bench,calib-factconsolidation_sh_6k-fold0,Who is the author of Our Mutual Friend?,hard_negative,12,0.508123338222504,0.455655694007874,0.052467644214630016,0.508123338222504,0.43462543120751057,0.07349790701499342,2.4787585780644834,1.75,1.75,48,True,author endymion,6,1,0,1,False,39,8,True,who,150,219,150,0.0,False,The author of Endymion is John Keats.
mxbai,bench_factconsolidation_sh_6k_fold0,bench,calib-factconsolidation_sh_6k-fold0,Which country was basketball created in?,hard_negative,12,0.567633867263794,0.673294603824615,-0.10566073656082109,0.5185117056736579,0.5179189260189346,0.0005927796547232633,2.481220988032427,5.0,8.0,48,False,country created cricket,8,1,0,1,False,40,6,True,which,150,219,150,0.0,False,cricket was created in the country of Australia.
mxbai,bench_factconsolidation_sh_6k_fold0,bench,calib-factconsolidation_sh_6k-fold0,What is the country of citizenship of Hal Needham?,positive,12,0.9353729486465454,0.48052346706390403,0.4548494815826414,0.7195176528050349,0.3696334362030031,0.3498842166020318,2.451858457934737,0.0,11.0,48,False,citizenship hal needham,15,2,2,1,True,50,9,True,what,150,219,150,0.0,True,Hal Needham is a citizen of United States of America.
mxbai,bench_factconsolidation_sh_6k_fold0,bench,calib-factconsolidation_sh_6k-fold0,Which continent is Bengaluru located in?,positive,12,0.896534383296967,0.877012133598328,0.019522249698639027,0.8965343832969671,0.67462471815256,0.22190966514440713,2.4379794204687935,6.5,6.5,48,True,bengaluru continent located,3,1,1,1,True,40,6,True,which,150,219,150,0.0,True,Bengaluru is located in the continent of Asia.
mxbai,bench_factconsolidation_sh_6k_fold0,bench,calib-factconsolidation_sh_6k-fold0,Which sport is Slovakia national football team associated with?,hard_negative,12,0.6029126644134519,0.567696511745453,0.035216152667998935,0.5279945226816029,0.49715434164690553,0.030840181034697323,2.479526445751595,1.5,3.25,48,False,associated midfielder sport,14,1,0,1,False,63,9,True,which,150,219,150,0.0,False,midfielder is associated with the sport of association football.
mxbai,bench_factconsolidation_sh_6k_fold0,bench,calib-factconsolidation_sh_6k-fold0,What is the name of the current head of state in United States of America?,hard_negative,12,0.866706788539886,0.699106395244598,0.16760039329528809,0.6666975296460661,0.5377741501881522,0.12892337945791388,2.4744763673277617,0.0,4.83333333333333,48,False,america current government head states united,4,3,2,2,True,74,15,True,what,150,219,150,0.0,True,The name of the current head of the United States of America government is Donald Trump.
mxbai,bench_factconsolidation_sh_6k_fold0,bench,calib-factconsolidation_sh_6k-fold0,Which religion is Imelda Marcos affiliated with?,hard_negative,12,0.74143385887146,0.569368422031403,0.17206543684005693,0.74143385887146,0.48177328018041793,0.25966057869104203,2.4619575157748157,6.0,6.0,48,True,ferdinand marcos spouse,8,2,1,1,True,48,7,True,which,150,219,150,0.0,True,Ferdinand Marcos is married to Imelda Marcos.
mxbai,bench_factconsolidation_sh_6k_fold0,bench,calib-factconsolidation_sh_6k-fold0,What type of music does Dana International play?,hard_negative,12,0.7527948617935181,0.43324291706085205,0.319551944732666,0.5790729706103985,0.3870987010425364,0.19197426956786212,2.471230678286415,0.0,1.85714285714286,48,False,born performer u,3,2,0,1,False,48,8,True,what,150,219,150,0.0,True,Born in the U.S.A. was performed by Dana International.
mxbai,bench_factconsolidation_sh_6k_fold0,bench,calib-factconsolidation_sh_6k-fold0,What is the country of citizenship of Sable?,hard_negative,12,0.43175011873245195,0.511192739009857,-0.07944262027740501,0.43175011873245195,0.3932251838537361,0.03852493487871583,2.482940992828665,11.0,11.0,48,False,country created rugby union,9,2,0,1,False,44,8,True,what,150,219,150,0.0,False,rugby union was created in the country of England.
mxbai,bench_factconsolidation_sh_6k_fold0,bench,calib-factconsolidation_sh_6k-fold0,Which country was Charlie Hebdo created in?,hard_negative,12,0.6347230672836299,0.519166469573975,0.11555659770965487,0.6347230672836299,0.3993588227492116,0.23536424453441834,2.4708421888760546,21.0,21.0,48,True,crane famous stephen work,2,4,0,1,False,43,7,True,which,150,219,150,0.0,False,Stephen Crane is famous for Charlie Hebdo.
mxbai,bench_factconsolidation_sh_6k_fold0,bench,calib-factconsolidation_sh_6k-fold0,Who is Elvis Presley married to?,hard_negative,12,0.687160730361938,0.47294855117797896,0.21421217918395907,0.5285851772014908,0.4729485511779789,0.05563662602351188,2.4750837036843394,0.0,13.0,48,False,citizenship presley priscilla,15,2,1,1,True,32,6,True,who,150,219,150,0.0,True,Priscilla Presley is a citizen of United States of America.
mxbai,bench_factconsolidation_sh_6k_fold0,bench,calib-factconsolidation_sh_6k-fold0,Who performed Hermione Granger?,hard_negative,12,0.554282367229462,0.40087789297103904,0.15340447425842296,0.42637105171497075,0.40087789297103904,0.02549315874393171,2.475028025464507,0.0,8.0,6,False,emma language speaks watson,12,2,0,1,False,31,4,True,who,150,219,150,0.0,False,Emma Watson speaks the language of English.
mxbai,bench_factconsolidation_sh_6k_fold0,bench,calib-factconsolidation_sh_6k-fold0,Which sport is Bo Ryan associated with?,positive,12,0.847451865673065,0.802176058292389,0.045275807380675936,0.6518860505177423,0.6170585063787608,0.03482754413898148,2.4684725663907874,0.0,3.25,48,False,associated bo ryan sport,14,2,2,1,True,39,7,True,which,150,219,150,0.0,True,Bo Ryan is associated with the sport of basketball.
mxbai,bench_factconsolidation_sh_6k_fold0,bench,calib-factconsolidation_sh_6k-fold0,What type of music does John McVie play?,hard_negative,12,0.47548240423202504,0.478012800216675,-0.0025303959846499913,0.4480507270647928,0.4228574771147509,0.025193249950041907,2.480279809884511,1.5,2.0,48,False,citizenship elton john,17,1,0,1,False,40,8,True,what,150,219,150,0.0,True,Elton John is a citizen of United Kingdom.
mxbai,bench_factconsolidation_sh_6k_fold0,bench,calib-factconsolidation_sh_6k-fold0,What position does Rogério Ceni play?,positive,12,0.868221998214722,0.837698638439178,0.03052335977554399,0.8682219982147221,0.8376986384391779,0.030523359775544212,2.444522127364512,7.0,7.0,9,True,ceni plays position rogério,5,2,2,1,True,37,6,True,what,150,219,150,0.0,True,Rogério Ceni plays the position of flanker.
mxbai,bench_factconsolidation_sh_6k_fold0,bench,calib-factconsolidation_sh_6k-fold0,Who is the chief executive officer of Twitter?,hard_negative,12,0.637880325317383,0.6318351030349729,0.006045222282410112,0.637880325317383,0.6110053743634903,0.026874950953892696,2.4536627386012193,4.66666666666667,4.66666666666667,48,True,chief executive microsoft officer,2,1,0,1,False,46,8,True,who,150,219,150,0.0,False,The chief executive officer of Microsoft is Steve Jobs.
mxbai,bench_factconsolidation_sh_6k_fold0,bench,calib-factconsolidation_sh_6k-fold0,What language does Kylie Minogue speak?,hard_negative,12,0.58424174785614,0.541127622127533,0.04311412572860707,0.58424174785614,0.541127622127533,0.04311412572860707,2.4799336274745425,8.0,8.0,18,False,australia language official,12,1,0,1,False,39,6,True,what,150,219,150,0.0,False,The official language of Australia is English.
mxbai,bench_factconsolidation_sh_6k_fold0,bench,calib-factconsolidation_sh_6k-fold0,Which sport is Darryl Strawberry associated with?,positive,12,0.833824515342712,0.531610727310181,0.30221378803253096,0.6414034733405476,0.531610727310181,0.1097927460303666,2.472034881329709,0.0,3.25,48,False,associated darryl sport strawberry,14,2,2,1,True,49,7,True,which,150,219,150,0.0,True,Darryl Strawberry is associated with the sport of baseball.
mxbai,bench_factconsolidation_sh_6k_fold0,bench,calib-factconsolidation_sh_6k-fold0,Which sport is placekicker associated with?,positive,12,0.843036472797394,0.758671998977661,0.084364473819733,0.6484895944595338,0.5835938453674315,0.06489574909210227,2.4769306101919732,0.0,3.25,48,False,associated placekicker sport,14,1,1,1,True,43,6,True,which,150,219,150,0.0,True,placekicker is associated with the sport of American football.
mxbai,bench_factconsolidation_sh_6k_fold0,bench,calib-factconsolidation_sh_6k-fold0,What kind of work does Stephen McNeil do?,positive,12,0.82787549495697,0.812853634357452,0.015021860599518044,0.6368273038130539,0.6252720264288092,0.011555277384244667,2.444491567654851,0.0,6.0,48,False,field mcneil stephen works,3,2,2,1,True,41,8,True,what,150,219,150,0.0,True,Stephen McNeil works in the field of journalist.
mxbai,bench_factconsolidation_sh_6k_fold0,bench,calib-factconsolidation_sh_6k-fold0,Who is the employer of Dave Filoni?,hard_negative,12,0.435985207557678,0.48238992691039995,-0.046404719352721946,0.43598520755767795,0.3710691745464615,0.06491603301121646,2.4807941839004823,7.0,7.0,48,True,dennis employer ron,1,3,1,1,True,35,7,True,who,150,219,150,0.0,True,Ron Dennis is employed by McLaren Automotive.
mxbai,bench_factconsolidation_sh_6k_fold0,bench,calib-factconsolidation_sh_6k-fold0,Which continent is San Francisco located in?,positive,12,0.879389107227325,0.632459282875061,0.24692982435226396,0.6764531594056346,0.632459282875061,0.04399387653057352,2.4555924593971437,0.0,4.75,48,False,continent francisco located san,3,2,2,1,True,44,7,True,which,150,219,150,0.0,True,San Francisco is located in the continent of North America.
mxbai,bench_factconsolidation_sh_6k_fold0,bench,calib-factconsolidation_sh_6k-fold0,Where was Canadair founded?,positive,12,0.820414125919342,0.86442506313324,-0.04401093721389793,0.7920151754067494,0.6649423562563385,0.1270728191504109,2.462761190631165,8.5,10.0,48,False,canadair city founded,14,2,2,1,True,27,4,True,where,150,219,150,0.0,True,Canadair was founded in the city of Tucson.
mxbai,bench_factconsolidation_sh_6k_fold0,bench,calib-factconsolidation_sh_6k-fold0,Which company is AP1000 produced by?,hard_negative,12,0.408305764198303,0.504499077796936,-0.09619331359863303,0.408305764198303,0.38807621368995077,0.020229550508352234,2.481086048476892,11.0,11.0,48,True,american broadcasting company director,5,2,0,1,False,36,6,True,which,150,219,150,0.0,True,The director of American Broadcasting Company is Ernst Heinkel.
mxbai,bench_factconsolidation_sh_6k_fold0,bench,calib-factconsolidation_sh_6k-fold0,What is the country of citizenship of Ayumi Hamasaki?,positive,12,0.9462805986404419,0.586016476154327,0.36026412248611495,0.7279081528003399,0.4507819047340976,0.2771262480662423,2.45648872910681,0.0,11.0,48,False,ayumi citizenship hamasaki,15,2,2,1,True,53,9,True,what,150,219,150,0.0,True,Ayumi Hamasaki is a citizen of Japan.
mxbai,bench_factconsolidation_sh_6k_fold0,bench,calib-factconsolidation_sh_6k-fold0,What position does Blair Walsh play?,hard_negative,12,0.547536194324493,0.53238308429718,0.01515311002731301,0.547536194324493,0.53238308429718,0.01515311002731301,2.4809123926670775,7.0,7.0,11,False,leslie lisa plays position,5,2,0,1,False,36,6,True,what,150,219,150,0.0,True,Lisa Leslie plays the position of center.
mxbai,bench_factconsolidation_sh_6k_fold0,bench,calib-factconsolidation_sh_6k-fold0,Who is Tony Blair married to?,hard_negative,12,0.5744303464889531,0.617085456848145,-0.042655110359191895,0.5744303464889531,0.545883288750282,0.028547057738671056,2.4728501974782366,13.0,13.0,48,True,derek shepherd spouse,7,2,0,1,False,29,6,True,who,150,219,150,0.0,False,Derek Shepherd is married to Meredith Grey.
mxbai,bench_factconsolidation_sh_6k_fold0,bench,calib-factconsolidation_sh_6k-fold0,Who is the author of Endymion?,positive,12,0.7940301895141599,0.587042093276978,0.20698809623718195,0.79403018951416,0.4515708409822907,0.3424593485318693,2.460517076470556,3.75,3.75,48,True,author endymion,6,1,1,1,True,30,6,True,who,150,219,150,0.0,True,The author of Endymion is John Keats.
mxbai,bench_factconsolidation_sh_6k_fold0,bench,calib-factconsolidation_sh_6k-fold0,Who is the author of Lady Windermere's Fan?,positive,12,0.837086319923401,0.538035690784454,0.299050629138947,0.6439125537872316,0.538035690784454,0.10587686300277754,2.467219667589473,0.0,1.75,48,False,author fan lady windermere,6,3,3,1,True,43,8,True,who,150,219,150,0.0,True,The author of Lady Windermere's Fan is Oscar Wilde.
mxbai,bench_factconsolidation_sh_6k_fold0,bench,calib-factconsolidation_sh_6k-fold0,What is the name of the current head of the Japan government?,hard_negative,12,0.6745614409446721,0.564180195331573,0.11038124561309903,0.5188934161112861,0.516213458076662,0.0026799580346241747,2.4802797246938644,0.0,2.375,48,False,america current government head states united,4,3,1,2,True,61,12,True,what,150,219,150,0.0,True,The name of the current head of the United States of America government is Donald Trump.
mxbai,bench_factconsolidation_sh_6k_fold0,bench,calib-factconsolidation_sh_6k-fold0,Who is the chairperson of Congolese Party of Labour?,hard_negative,12,0.560227990150452,0.534021079540253,0.026206910610198975,0.560227990150452,0.4847268260442296,0.07550116410622237,2.466947748746136,2.5,2.5,48,True,chairperson fatah,1,2,1,1,True,52,9,True,who,150,219,150,0.0,True,The chairperson of Fatah is Mahmoud Abbas.
mxbai,bench_factconsolidation_sh_6k_fold0,bench,calib-factconsolidation_sh_6k-fold0,Which sport is flanker associated with?,positive,12,0.6505052447319031,0.807068884372711,-0.15656363964080788,0.6505052447319031,0.6208222187482392,0.029683025983663902,2.4711997198743347,7.0,7.0,48,True,ceni plays position rogério,5,2,0,1,False,39,6,True,which,150,219,150,0.0,True,Rogério Ceni plays the position of flanker.
mxbai,bench_factconsolidation_sh_6k_fold0,bench,calib-factconsolidation_sh_6k-fold0,What is the capital of Czech Republic?,positive,12,0.9055514931678772,0.5170111060142519,0.38854038715362527,0.6965780716675978,0.5170111060142519,0.17956696565334584,2.456831931658174,0.0,2.2,48,False,capital czech republic,4,2,2,1,True,38,7,True,what,150,219,150,0.0,True,The capital of Czech Republic is Prague.
mxbai,bench_factconsolidation_sh_6k_fold0,bench,calib-factconsolidation_sh_6k-fold0,What position does Lisa Leslie play?,positive,12,0.892126381397247,0.7856012582778931,0.10652512311935391,0.892126381397247,0.7856012582778931,0.10652512311935391,2.434855461174609,8.75,8.75,9,False,leslie lisa plays position,5,2,2,1,True,36,6,True,what,150,219,150,0.0,True,Lisa Leslie plays the position of center.
mxbai,bench_factconsolidation_sh_6k_fold0,bench,calib-factconsolidation_sh_6k-fold0,What is the name of the current head of state in Soviet Union?,positive,12,0.8947601318359379,0.843321859836578,0.05143827199935991,0.688277024489183,0.6487091229512139,0.039567901537969186,2.460834985489366,0.0,2.2,48,False,current head soviet state union,3,3,3,1,True,62,13,True,what,150,219,150,0.0,True,The name of the current head of state in Soviet Union is Mikhail Gorbachev.
mxbai,bench_factconsolidation_sh_6k_fold0,bench,calib-factconsolidation_sh_6k-fold0,What is the country of citizenship of Ferdinand von Richthofen?,positive,12,0.9194464683532715,0.802714645862579,0.11673182249069247,0.7072665141179011,0.6174728045096761,0.08979370960822497,2.4593525371740883,0.0,11.0,48,False,citizenship ferdinand richthofen von,16,3,3,1,True,63,10,True,what,150,219,150,0.0,True,Ferdinand von Richthofen is a citizen of Germany.
mxbai,bench_factconsolidation_sh_6k_fold0,bench,calib-factconsolidation_sh_6k-fold0,Which religion is Karen Armstrong affiliated with?,positive,12,0.8573092818260191,0.569841086864471,0.2874681949615481,0.8078491309514411,0.569841086864471,0.23800804408697007,2.4513013134251604,3.0,4.0,48,False,affiliated armstrong karen religion,5,2,2,1,True,50,7,True,which,150,219,150,0.0,True,Karen Armstrong is affiliated with the religion of Church of Scotland.
mxbai,bench_factconsolidation_sh_6k_fold0,bench,calib-factconsolidation_sh_6k-fold0,Who was Vito Corleone created by?,hard_negative,12,0.416689395904541,0.413099884986877,0.0035895109176640183,0.3445700773826012,0.3416018279699175,0.002968249412683699,2.484108565988582,2.5,10.0,48,False,company ford founder motor,10,1,0,1,False,33,6,True,who,150,219,150,0.0,False,Ford Motor Company was founded by Henri Grégoire.
mxbai,bench_factconsolidation_sh_6k_fold0,bench,calib-factconsolidation_sh_6k-fold0,What is the capital of Romania?,hard_negative,12,0.7304092049598689,0.516343355178833,0.21406584978103593,0.5618532345845145,0.516343355178833,0.04550987940568152,2.4803146867687444,0.0,3.0,48,False,bucharest headquarters location university,11,2,0,1,False,31,6,True,what,150,219,150,0.0,True,The headquarters of University of Bucharest is located in the city of Bucharest.
mxbai,bench_factconsolidation_sh_6k_fold0,bench,calib-factconsolidation_sh_6k-fold0,Which continent is India located in?,hard_negative,12,0.688503563404083,0.6119512319564819,0.0765523314476011,0.688503563404083,0.6119512319564819,0.0765523314476011,2.4585598412333476,4.75,4.75,48,True,bengaluru continent located,3,1,0,1,False,36,6,True,which,150,219,150,0.0,False,Bengaluru is located in the continent of Asia.
mxbai,bench_factconsolidation_sh_6k_fold0,bench,calib-factconsolidation_sh_6k-fold0,Which city did Olga of Kiev die in?,hard_negative,12,0.627996861934662,0.46284770965576205,0.16514915227889992,0.4830745091805092,0.46284770965576205,0.020226799524747152,2.4787705688752224,0.0,3.25,48,False,igor kiev spouse,7,2,1,1,True,35,8,True,which,150,219,150,0.0,True,Igor of Kiev is married to Olga of Kiev.
mxbai,bench_factconsolidation_sh_6k_fold0,bench,calib-factconsolidation_sh_6k-fold0,Who founded Sasanian Empire?,positive,12,0.87962144613266,0.756211757659912,0.12340968847274802,0.828874055009622,0.7125841562564555,0.11628989875316642,2.455509185808758,9.0,12.0,23,False,empire founder sasanian,8,2,2,1,True,28,4,True,who,150,219,150,0.0,True,Sasanian Empire was founded by Ardashir I.
mxbai,bench_factconsolidation_sh_6k_fold0,bench,calib-factconsolidation_sh_6k-fold0,Which city did Pedro Pierluisi work in?,positive,12,0.792904496192932,0.530838966369629,0.262065529823303,0.6099265355330246,0.530838966369629,0.07908756916339554,2.469839504830295,0.0,14.0,48,False,city pedro pierluisi worked,14,3,2,1,True,39,7,True,which,150,219,150,0.0,True,"Pedro Pierluisi worked in the city of Washington, D.C.."
mxbai,bench_factconsolidation_sh_6k_fold0,bench,calib-factconsolidation_sh_6k-fold0,Which sport is Surrey Senior Cup associated with?,hard_negative,12,0.46725058555603005,0.45756876468658403,0.009681820869446023,0.4257786400924771,0.41695615243629547,0.008822487656181655,2.4828839575735477,2.0,3.25,48,False,alta associated if sport,14,2,0,1,False,49,8,True,which,150,219,150,0.0,False,Alta IF is associated with the sport of association football.
mxbai,bench_factconsolidation_sh_6k_fold0,bench,calib-factconsolidation_sh_6k-fold0,What is the country of citizenship of Narendra Modi?,positive,12,0.893316924571991,0.808722198009491,0.0845947265625,0.6871668650553776,0.6220939984688392,0.06507286658653844,2.4572512627828247,0.0,11.0,48,False,citizenship modi narendra,15,2,2,1,True,52,9,True,what,150,219,150,0.0,True,Narendra Modi is a citizen of India.
mxbai,bench_factconsolidation_sh_6k_fold0,bench,calib-factconsolidation_sh_6k-fold0,Who is Victoria Beckham married to?,positive,12,0.9433806538581848,0.579075217247009,0.36430543661117576,0.8233647718584748,0.579075217247009,0.24428955461146573,2.4577777679181096,5.83333333333333,13.0,48,False,beckham spouse victoria,7,2,2,1,True,35,6,True,who,150,219,150,0.0,True,Victoria Beckham is married to David Beckham.
mxbai,bench_factconsolidation_sh_6k_fold0,bench,calib-factconsolidation_sh_6k-fold0,What is the country of citizenship of Charles Messier?,positive,12,0.9118663668632507,0.832143127918243,0.07972323894500777,0.7014356668178852,0.6401100983986484,0.06132556841923675,2.4521324885626523,0.0,11.0,48,False,charles citizenship messier,16,2,2,1,True,54,9,True,what,150,219,150,0.0,True,Charles Messier is a citizen of France.
mxbai,bench_factconsolidation_sh_6k_fold0,bench,calib-factconsolidation_sh_6k-fold0,Who was Rand al'Thor created by?,hard_negative,12,0.526113092899323,0.45003354549408003,0.07607954740524292,0.40470237915332535,0.37214312415856615,0.0325592549947592,2.482063652000426,0.0,10.0,48,False,author earthsea wizard,6,2,0,1,False,32,6,True,who,150,219,150,0.0,False,The author of A Wizard of Earthsea is Ursula K. Le Guin.
mxbai,bench_factconsolidation_sh_6k_fold0,bench,calib-factconsolidation_sh_6k-fold0,What position does Mike D'Antoni play?,positive,12,0.875314235687256,0.54580169916153,0.329512536525726,0.846457722422841,0.54580169916153,0.300656023261311,2.458821299755813,6.0,7.0,9,False,antoni d mike plays position,5,3,3,1,True,38,6,True,what,150,219,150,0.0,True,Mike D'Antoni plays the position of point guard.
mxbai,bench_factconsolidation_sh_6k_fold0,bench,calib-factconsolidation_sh_6k-fold0,What is the country of citizenship of Colin Irwin?,positive,12,0.887823820114136,0.833227634429932,0.05459618568420399,0.6829414000877969,0.6409443341768707,0.04199706591092622,2.454419441055818,0.0,11.0,48,False,citizenship colin irwin,15,2,2,1,True,50,9,True,what,150,219,150,0.0,True,Colin Irwin is a citizen of United Kingdom.
mxbai,bench_factconsolidation_sh_6k_fold0,bench,calib-factconsolidation_sh_6k-fold0,Who is Walter Chrysler's child?,hard_negative,12,0.49868100881576505,0.5868931412696841,-0.08821213245391901,0.49868100881576505,0.4514562625151416,0.047224746300623455,2.473378536174456,7.0,7.0,48,True,aristotle child,0,2,1,1,True,31,5,True,who,150,219,150,0.0,True,Aristotle's child is Nicomachus.
mxbai,bench_factconsolidation_sh_6k_fold0,bench,calib-factconsolidation_sh_6k-fold0,Who is Charles Darwin married to?,hard_negative,12,0.5324967503547671,0.48895972967147805,0.04353702068328902,0.5324967503547671,0.488959729671478,0.043537020683289074,2.472783511721834,13.0,13.0,48,False,ceaușescu nicolae spouse,8,2,0,1,False,33,6,True,who,150,219,150,0.0,False,Nicolae Ceaușescu is married to Wilhelm II.
mxbai,bench_factconsolidation_sh_6k_fold0,bench,calib-factconsolidation_sh_6k-fold0,What position does Irving Fryar play?,hard_negative,12,0.5210720300674441,0.516273975372314,0.004798054695130061,0.5210720300674441,0.516273975372314,0.004798054695130061,2.4773061770286002,7.0,7.0,9,True,ceni plays position rogério,5,2,0,1,False,37,6,True,what,150,219,150,0.0,False,Rogério Ceni plays the position of flanker.
mxbai,bench_factconsolidation_sh_6k_fold0,bench,calib-factconsolidation_sh_6k-fold0,what's the weather in Paris?,off_domain_negative,12,0.49687218666076705,0.386766374111176,0.11010581254959106,0.3822093743544362,0.34213948479065565,0.04006988956378055,2.4827071548280073,0.0,3.0,48,False,chanel city coco died,15,2,0,1,False,28,5,True,what's,150,219,150,0.0,False,Coco Chanel died in the city of Paris.
mxbai,bench_factconsolidation_sh_6k_fold0,bench,calib-factconsolidation_sh_6k-fold0,how do I center a div in CSS?,off_domain_negative,12,0.46007001399993896,0.411793351173401,0.048276662826537975,0.460070013999939,0.411793351173401,0.04827666282653803,2.4624042124942394,7.0,7.0,48,False,associated center sport,14,1,1,1,True,29,8,True,how,150,219,150,0.0,True,center is associated with the sport of basketball.
mxbai,bench_factconsolidation_sh_6k_fold0,bench,calib-factconsolidation_sh_6k-fold0,explain the difference between TCP and UDP,off_domain_negative,12,0.366511225700378,0.35275673866271995,0.013754487037658025,0.366511225700378,0.35275673866271995,0.013754487037658025,2.4762281726936823,1.0,1.0,48,False,ceni plays position rogério,5,2,0,1,False,42,7,False,explain,150,219,150,0.0,False,Rogério Ceni plays the position of goalkeeper.
mxbai,bench_factconsolidation_sh_6k_fold0,bench,calib-factconsolidation_sh_6k-fold0,write me a haiku about autumn,off_domain_negative,12,0.48731696605682395,0.48102855682373,0.006288409233093928,0.37485920465909534,0.3700219667874846,0.004837237871610722,2.4833903156698067,0.0,0.0,0,False,eliot language speaks t,12,2,0,1,False,29,6,False,write,150,219,150,0.0,False,T. S. Eliot speaks the language of English.
mxbai,bench_factconsolidation_sh_6k_fold0,bench,calib-factconsolidation_sh_6k-fold0,what time is it in Tokyo?,off_domain_negative,12,0.71210777759552,0.45923483371734597,0.25287294387817405,0.5477752135350153,0.43274051638749905,0.1150346971475163,2.4738365085929757,0.0,2.0,48,False,capital japan,5,1,0,2,False,25,6,True,what,150,219,150,0.0,False,The capital of Japan is Tokyo.
mxbai,bench_factconsolidation_sh_6k_fold0,bench,calib-factconsolidation_sh_6k-fold0,summarize this article for me,off_domain_negative,12,0.510668039321899,0.49028861522674605,0.02037942409515292,0.392821568709153,0.37714508863595847,0.015676480073194554,2.483171595909385,0.0,5.0,3,False,language playboy,12,1,0,1,False,29,5,False,summarize,150,219,150,0.0,False,Playboy was written in the language of English.
mxbai,bench_factconsolidation_sh_6k_fold0,bench,calib-factconsolidation_sh_6k-fold0,can you explain that again?,off_domain_negative,12,0.435133337974548,0.412226557731628,0.022906780242920033,0.33471795228811385,0.3170973521012523,0.017620600186861568,2.484166935795583,0.0,2.5,3,False,author categories,6,1,0,1,False,27,5,True,can,150,219,150,0.0,False,The author of Categories is Aristotle.
mxbai,bench_factconsolidation_sh_6k_fold0,bench,calib-factconsolidation_sh_6k-fold0,"thanks, that helps",off_domain_negative,12,0.42873990535736095,0.40910130739212003,0.019638597965240923,0.32979992719796997,0.31469331337855383,0.015106613819416137,2.484533115425185,0.0,2.5,3,False,author categories,6,1,0,1,False,18,3,False,thanks,150,219,150,0.0,False,The author of Categories is Aristotle.
mxbai,bench_factconsolidation_sh_6k_fold0,bench,calib-factconsolidation_sh_6k-fold0,what's 17 times 23?,off_domain_negative,12,0.408131062984467,0.385975241661072,0.022155821323394997,0.3139469715265131,0.29690403204697846,0.017042939479534613,2.484038280414793,0.0,3.5,1,False,author categories,6,1,0,1,False,19,4,True,what's,150,219,150,0.0,False,The author of Categories is Aristotle.
mxbai,bench_factconsolidation_sh_6k_fold0,bench,calib-factconsolidation_sh_6k-fold0,translate 'good morning' into Japanese,off_domain_negative,12,0.64990758895874,0.626483023166656,0.023424565792083962,0.64990758895874,0.626483023166656,0.023424565792083962,2.4509978899538365,14.0,14.0,2,False,japan language official,13,1,0,2,False,38,5,False,translate,150,219,150,0.0,False,The official language of Japan is Japanese.
mxbai,bench_factconsolidation_sh_6k_fold0,bench,calib-factconsolidation_sh_6k-fold0,give me a recipe for banana bread,off_domain_negative,12,0.38655990362167403,0.37300640344619795,0.013553500175476074,0.29735377201667235,0.2869280026509215,0.010425769365750848,2.483218505788066,0.0,5.0,3,False,country created pesäpallo,8,1,0,1,False,33,7,False,give,150,219,150,0.0,True,pesäpallo was created in the country of Philippines.
mxbai,bench_factconsolidation_sh_6k_fold0,bench,calib-factconsolidation_sh_6k-fold0,what does HTTP 429 mean?,off_domain_negative,12,0.376867175102234,0.367576241493225,0.009290933609009011,0.28989782700171846,0.2827509549947884,0.0071468720069300384,2.484135730024795,0.0,0.0,0,False,language playboy,12,1,0,1,False,24,5,True,what,150,219,150,0.0,False,Playboy was written in the language of English.
mxbai,bench_factconsolidation_sh_6k_fold0,bench,calib-factconsolidation_sh_6k-fold0,how long should I boil an egg?,off_domain_negative,12,0.32865339517593395,0.36039507389068604,-0.031741678714752086,0.32865339517593395,0.27722697991591233,0.05142641526002162,2.481592199742911,8.0,8.0,1,True,capital empire tang,5,2,0,1,False,30,7,True,how,150,219,150,0.0,False,The capital of Tang Empire is Chang'an.
mxbai,bench_factconsolidation_sh_6k_fold0,bench,calib-factconsolidation_sh_6k-fold0,draft an email declining a meeting,off_domain_negative,12,0.357183754444122,0.347825706005096,0.00935804843902599,0.2747567341877861,0.26755823538853535,0.007198498799250774,2.484660167217029,0.0,8.0,1,False,city pedro pierluisi worked,14,3,0,1,False,34,6,False,draft,150,219,150,0.0,True,"Pedro Pierluisi worked in the city of Washington, D.C.."
mxbai,bench_factconsolidation_sh_6k_fold0,bench,calib-factconsolidation_sh_6k-fold0,explain recursion like I'm five,off_domain_negative,12,0.433097362518311,0.403450608253479,0.029646754264831987,0.3331518173217777,0.3103466217334454,0.022805195588332272,2.4826120955475774,0.0,0.0,0,False,author categories,6,1,0,1,False,31,5,False,explain,150,219,150,0.0,False,The author of Categories is Aristotle.
mxbai,bench_factconsolidation_sh_6k_fold0,bench,calib-factconsolidation_sh_6k-fold0,is it going to rain tomorrow?,off_domain_negative,12,0.33621060848236095,0.341979920864105,-0.005769312381744052,0.2896583703848033,0.2630614775877731,0.026596892797030203,2.483829135409408,1.0,2.5,48,False,bengaluru continent located,3,1,0,1,False,29,6,True,is,150,219,150,0.0,False,Bengaluru is located in the continent of Asia.
mxbai,bench_factconsolidation_sh_6k_fold0,bench,calib-factconsolidation_sh_6k-fold0,set a timer for 10 minutes,off_domain_negative,12,0.309777736663818,0.27128851413726796,0.03848922252655007,0.309777736663818,0.27128851413726796,0.03848922252655007,2.4831016142652995,5.0,5.0,3,False,famous ferdowsi work,1,3,0,1,True,26,6,False,set,150,219,150,0.0,True,Ferdowsi is famous for Shahnameh.
mxbai,bench_factconsolidation_sh_6k_fold0,bench,calib-factconsolidation_sh_6k-fold0,help me debug this stack trace,off_domain_negative,12,0.39675247669220004,0.38211053609848,0.014641940593720038,0.30519421284015386,0.2939311816142154,0.011263031225938469,2.4838909424376805,0.0,0.0,0,False,city pedro pierluisi worked,14,3,0,1,False,30,6,False,help,150,219,150,0.0,False,"Pedro Pierluisi worked in the city of Washington, D.C.."
mxbai,bench_factconsolidation_sh_6k_fold0,bench,calib-factconsolidation_sh_6k-fold0,how do I revert a git commit?,off_domain_negative,12,0.32489764690399203,0.318295240402222,0.0066024065017700195,0.24992126684922464,0.24484249261709384,0.005078774232130795,2.4846504820957693,0.0,0.0,0,False,chief executive microsoft officer,2,1,0,1,False,29,7,True,how,150,219,150,0.0,False,The chief executive officer of Microsoft is Satya Nadella.
mxbai,bench_factconsolidation_sh_6k_fold0,bench,calib-factconsolidation_sh_6k-fold0,what are the side effects of ibuprofen?,off_domain_negative,12,0.33612155914306596,0.32473760843277,0.011383950710295965,0.302878767579466,0.2926207021042543,0.010258065475211742,2.4820153819368964,1.0,1.75,48,False,hines plays position ward,5,2,0,1,False,39,7,True,what,150,219,150,0.0,False,Hines Ward plays the position of cornerback.
mxbai,bench_factconsolidation_sh_6k_fold0,bench,calib-factconsolidation_sh_6k-fold0,recommend a sci-fi novel,off_domain_negative,12,0.537298798561096,0.519944667816162,0.01735413074493397,0.41330676812392,0.39995743678166307,0.01334933134225691,2.4801794142404545,0.0,0.0,0,False,author starship troopers,6,2,0,1,False,24,4,False,recommend,150,219,150,0.0,False,The author of Starship Troopers is Robert A. Heinlein.
mxbai,bench_factconsolidation_sh_6k_fold0,bench,calib-factconsolidation_sh_6k-fold0,convert 200 pounds to kilograms,off_domain_negative,12,0.3841472864151,0.36499762535095204,0.01914966106414795,0.3841472864151,0.32288251473353446,0.06126477168156552,2.48153774229352,4.0,4.0,10,False,ceaușescu nicolae spouse,8,2,0,1,False,31,5,False,convert,150,219,150,0.0,False,Nicolae Ceaușescu is married to Wilhelm II.
mxbai,bench_factconsolidation_sh_6k_fold0,bench,calib-factconsolidation_sh_6k-fold0,what's the difference between a list and a tuple?,off_domain_negative,12,0.468209147453308,0.337727189064026,0.130481958389282,0.36016088265639074,0.337727189064026,0.022433693592364745,2.4784255225541543,0.0,1.0,48,False,author categories,6,1,0,1,False,49,9,True,what's,150,219,150,0.0,True,The author of Categories is Aristotle.
mxbai,bench_factconsolidation_sh_6k_fold0,bench,calib-factconsolidation_sh_6k-fold0,how many calories are in an avocado?,off_domain_negative,12,0.39042717218399003,0.33115893602371205,0.05926823616027799,0.32285323853676096,0.2738429663273003,0.04901027220946064,2.4811852989055367,2.0,8.0,48,False,country created pesäpallo,8,1,0,1,False,36,7,True,how,150,219,150,0.0,False,pesäpallo was created in the country of Philippines.
mxbai,bench_factconsolidation_sh_6k_fold0,bench,calib-factconsolidation_sh_6k-fold0,explain quantum entanglement briefly,off_domain_negative,12,0.40800952911377,0.386644244194031,0.02136528491973899,0.3138534839336692,0.2974186493800238,0.01643483455364536,2.4841249627993167,0.0,0.0,0,False,current head soviet state union,3,3,0,1,False,36,4,False,explain,150,219,150,0.0,False,The name of the current head of state in Soviet Union is Mikhail Gorbachev.
mxbai,bench_factconsolidation_sh_6k_fold0,bench,calib-factconsolidation_sh_6k-fold0,why is the sky blue?,off_domain_negative,12,0.368508219718933,0.38665413856506303,-0.018145918846130038,0.3401614335867074,0.29742626043466386,0.04273517315204356,2.482211719830908,0.666666666666667,1.0,48,False,bengaluru continent located,3,1,0,1,False,20,5,True,why,150,219,150,0.0,False,Bengaluru is located in the continent of Asia.
mxbai,bench_factconsolidation_sh_6k_fold0,bench,calib-factconsolidation_sh_6k-fold0,what's a good name for a startup?,off_domain_negative,12,0.50636214017868,0.49751770496368397,0.008844435214996005,0.38950933859898457,0.3827059268951415,0.006803411703843076,2.4820471215655218,0.0,5.0,7,False,associated firm new sport,14,2,0,1,False,33,7,True,what's,150,219,150,0.0,False,New Firm is associated with the sport of association football.
mxbai,bench_factconsolidation_sh_6k_fold0,bench,calib-factconsolidation_sh_6k-fold0,tell me a joke,off_domain_negative,12,0.407531261444092,0.405897200107574,0.0016340613365180001,0.3134855857262246,0.31222861546736463,0.0012569702588599574,2.4843109186733803,0.0,0.0,0,False,eliot language speaks t,12,2,0,1,False,14,4,False,tell,150,219,150,0.0,False,T. S. Eliot speaks the language of English.
mxbai,bench_factconsolidation_sh_6k_fold0,bench,calib-factconsolidation_sh_6k-fold0,what does this error mean: ECONNREFUSED,off_domain_negative,12,0.371044278144836,0.36760842800140403,0.003435850143431951,0.2854186754960277,0.2827757138472339,0.0026429616487937957,2.4845295342619584,0.0,0.0,0,False,ceni plays position rogério,5,2,0,1,False,39,6,False,what,150,219,150,0.0,False,Rogério Ceni plays the position of goalkeeper.
mxbai,bench_factconsolidation_sh_6k_fold0,bench,calib-factconsolidation_sh_6k-fold0,how far away is the moon?,off_domain_negative,12,0.323175549507141,0.33655190467834495,-0.013376355171203946,0.323175549507141,0.3106632966261646,0.012512252880976404,2.4816542842336315,1.0,1.0,48,False,country created pesäpallo,8,1,0,1,False,25,6,True,how,150,219,150,0.0,False,pesäpallo was created in the country of Philippines.
mxbai,bench_factconsolidation_sh_6k_fold0,bench,calib-factconsolidation_sh_6k-fold0,write a SQL query joining two tables,off_domain_negative,12,0.377493500709534,0.375668585300446,0.0018249154090880237,0.2903796159304108,0.2889758348464969,0.0014037810839138687,2.483997853132364,0.0,0.0,0,False,associated firm new sport,14,2,0,1,False,36,7,False,write,150,219,150,0.0,False,New Firm is associated with the sport of baseball.
mxbai,bench_factconsolidation_sh_6k_fold0,bench,calib-factconsolidation_sh_6k-fold0,open the file and show me line 40,off_domain_negative,12,0.35218775272369396,0.40861725807189897,-0.05642950534820501,0.35218775272369396,0.3143209677476146,0.03786678497607937,2.4816038220229037,1.0,1.0,48,False,author endymion,6,1,0,1,False,33,8,False,open,150,219,150,0.0,False,The author of Endymion is John Keats.
mxbai,bench_factconsolidation_sh_6k_fold0,bench,calib-factconsolidation_sh_6k-fold0,what's on my calendar today?,off_domain_negative,12,0.363250494003296,0.27699780464172397,0.08625268936157204,0.2794234569256123,0.27699780464172397,0.0024256522838883576,2.4847311357575457,0.0,7.0,2,False,arts headquarters university,11,1,0,1,False,28,5,True,what's,150,219,150,0.0,False,The headquarters of The University of the Arts is located in the city of Philadelphia.
mxbai,bench_factconsolidation_sh_6k_fold0,bench,calib-factconsolidation_sh_6k-fold0,should I use tabs or spaces?,off_domain_negative,12,0.391634702682495,0.38586300611496005,0.005771696567534956,0.30125746360191924,0.29681769701150773,0.004439766590411509,2.4843662573798064,0.0,0.0,0,False,author categories,6,1,0,1,False,28,6,True,should,150,219,150,0.0,False,The author of Categories is Aristotle.
mxbai,bench_factconsolidation_sh_6k_fold0,bench,calib-factconsolidation_sh_6k-fold0,which of these two designs looks better?,off_domain_negative,12,0.37316536903381303,0.36297678947448697,0.01018857955932606,0.37316536903381303,0.36297678947448697,0.01018857955932606,2.4809159873374993,1.0,1.0,48,False,ceni plays position rogério,5,2,0,1,False,40,7,True,which,150,219,150,0.0,False,Rogério Ceni plays the position of flanker.
mxbai,bench_factconsolidation_sh_6k_fold0,bench,calib-factconsolidation_sh_6k-fold0,book a table for two at 8pm,off_domain_negative,12,0.41227406263351396,0.40934145450591997,0.002932608127593994,0.3171338943334723,0.31487804192763075,0.0022558524058415297,2.484442395307872,0.0,5.0,3,False,associated firm new sport,14,2,0,1,False,27,7,False,book,150,219,150,0.0,False,New Firm is associated with the sport of association football.
mxbai,bench_factconsolidation_sh_6k_fold0,bench,calib-factconsolidation_sh_6k-fold0,remind me to call the dentist,off_domain_negative,12,0.34919273853302,0.358081638813019,-0.008888900279999001,0.34919273853302,0.29610597055691956,0.05308676797610046,2.481728705149758,4.0,4.0,48,True,derek shepherd spouse,7,2,0,1,False,29,6,False,remind,150,219,150,0.0,False,Derek Shepherd is married to Meredith Grey.
mxbai,bench_factconsolidation_sh_6k_fold0,bench,calib-factconsolidation_sh_6k-fold0,what's the best way to learn guitar?,off_domain_negative,12,0.408330082893372,0.37221634387970004,0.036113739013671986,0.3141000637641323,0.30779428436205963,0.006305779402072664,2.4832455696992106,0.0,4.0,48,False,bill educated frisell university,11,2,0,1,False,36,7,True,what's,150,219,150,0.0,False,The univeristy where Bill Frisell was educated is Berklee College of Music.
mxbai,bench_factconsolidation_sh_6k_fold0,bench,calib-factconsolidation_sh_6k-fold0,can you rewrite that paragraph more concisely?,off_domain_negative,12,0.472222864627838,0.46945643424987804,0.002766430377959983,0.36324835740602923,0.3611203340383677,0.0021280233676615468,2.482598876434564,0.0,2.5,3,False,eliot language speaks t,12,2,0,1,False,46,7,True,can,150,219,150,0.0,False,T. S. Eliot speaks the language of English.
mxbai,bench_factconsolidation_sh_6k_fold1,bench,calib-factconsolidation_sh_6k-fold1,Which sport is goaltender associated with?,hard_negative,12,0.48464483022689797,0.614035606384277,-0.12939077615737904,0.48464483022689797,0.4723350818340592,0.01230974839283877,2.482484901506623,3.25,3.25,48,False,associated quarterback sport,11,1,0,1,False,42,6,True,which,153,236,153,0.0,False,quarterback is associated with the sport of American football.
mxbai,bench_factconsolidation_sh_6k_fold1,bench,calib-factconsolidation_sh_6k-fold1,What is Nobuhiro Watsuki famous for?,positive,12,0.7778142690658569,0.60294508934021,0.17486917972564697,0.7051612878893757,0.60294508934021,0.10221619854916575,2.440614777631829,8.33333333333333,14.0,48,False,famous nobuhiro watsuki work,6,2,2,1,True,36,6,True,what,153,236,153,0.0,True,Nobuhiro Watsuki is famous for Rurouni Kenshin.
mxbai,bench_factconsolidation_sh_6k_fold1,bench,calib-factconsolidation_sh_6k-fold1,Which country was rugby union created in?,hard_negative,12,0.696924686431885,0.556674242019653,0.140250444412232,0.696924686431885,0.4659942749938271,0.23093041143805787,2.4705604573256337,17.0,17.0,48,True,associated galwegians rfc sport,11,2,0,1,False,41,7,True,which,153,236,153,0.0,True,Galwegians RFC is associated with the sport of rugby union.
mxbai,bench_factconsolidation_sh_6k_fold1,bench,calib-factconsolidation_sh_6k-fold1,What is Ferdowsi famous for?,hard_negative,12,0.61735075712204,0.497256517410278,0.12009423971176203,0.5655450991817289,0.497256517410278,0.06828858177145092,2.4673045912515126,7.0,11.0,48,False,al creator rand thor,1,4,0,1,True,28,5,True,what,153,236,153,0.0,True,Rand al'Thor was created by Ferdowsi.
mxbai,bench_factconsolidation_sh_6k_fold1,bench,calib-factconsolidation_sh_6k-fold1,Which university was Joan Didion educated at?,hard_negative,12,0.595801949501038,0.607839047908783,-0.012037098407744917,0.595801949501038,0.5176651232190185,0.07813682628201957,2.4646368607002325,14.0,14.0,48,True,hawthorne sophia spouse,6,2,0,1,False,45,7,True,which,153,236,153,0.0,True,Sophia Hawthorne is married to Joan Didion.
mxbai,bench_factconsolidation_sh_6k_fold1,bench,calib-factconsolidation_sh_6k-fold1,Who is the author of The Marriage of Figaro?,positive,12,0.853564620018005,0.820447683334351,0.03311693668365401,0.6565881692446193,0.6311136025648854,0.025474566679733912,2.466383894744615,0.0,2.75,48,False,author figaro marriage,3,2,2,1,True,44,9,True,who,153,236,153,0.0,True,The author of The Marriage of Figaro is Pierre Beaumarchais.
mxbai,bench_factconsolidation_sh_6k_fold1,bench,calib-factconsolidation_sh_6k-fold1,Which sport is Tunisia national football team associated with?,positive,12,0.9110795855522156,0.83912193775177,0.07195764780044556,0.7900270532061171,0.6454784136552076,0.14454863955090946,2.46060745742132,4.66666666666667,11.0,48,False,associated football national sport team tunisia,12,3,3,1,True,62,9,True,which,153,236,153,0.0,True,Tunisia national football team is associated with the sport of association football.
mxbai,bench_factconsolidation_sh_6k_fold1,bench,calib-factconsolidation_sh_6k-fold1,Which sport is quarterback associated with?,positive,12,0.8775344491004939,0.710193812847137,0.16734063625335693,0.877534449100494,0.710193812847137,0.16734063625335704,2.448617957176084,5.0,5.0,48,True,associated quarterback sport,11,1,1,1,True,43,6,True,which,153,236,153,0.0,True,quarterback is associated with the sport of American football.
mxbai,bench_factconsolidation_sh_6k_fold1,bench,calib-factconsolidation_sh_6k-fold1,What is the official language of Japan?,hard_negative,12,0.636501848697662,0.539012253284454,0.09748959541320801,0.4896168066905092,0.41462481021881076,0.07499199647169846,2.4729030614697556,0.0,1.0,48,False,current government head japan,5,1,1,1,True,39,7,True,what,153,236,153,0.0,True,The name of the current head of the Japan government is Shinzō Abe.
mxbai,bench_factconsolidation_sh_6k_fold1,bench,calib-factconsolidation_sh_6k-fold1,What is the name of the current head of the Tucson government?,hard_negative,12,0.515728771686554,0.613384068012238,-0.09765529632568404,0.48095503684349084,0.4718338984709523,0.009121138372538529,2.479545013640095,1.59259259259259,2.25,48,False,commissars council current government head people,5,3,0,1,False,62,12,True,what,153,236,153,0.0,False,The name of the current head of the Council of People's Commissars government is Vladimir Lenin.
mxbai,bench_factconsolidation_sh_6k_fold1,bench,calib-factconsolidation_sh_6k-fold1,What is the name of the current head of the Italy government?,positive,12,0.876162111759186,0.555758059024811,0.320404052734375,0.6739708551993738,0.555758059024811,0.11821279617456282,2.475907084205169,0.0,5.0,48,False,current government head italy,5,1,1,1,True,61,12,True,what,153,236,153,0.0,True,The name of the current head of the Italy government is Giuseppe Conte.
mxbai,bench_factconsolidation_sh_6k_fold1,bench,calib-factconsolidation_sh_6k-fold1,Who performed Meredith Grey?,positive,12,0.808007597923279,0.45998156070709195,0.3480260372161871,0.7924689902709082,0.45998156070709195,0.3324874295638163,2.438628851773234,7.33333333333333,8.0,11,False,actor grey meredith performed,1,4,3,1,True,28,4,True,who,153,236,153,0.0,True,Meredith Grey was performed by Ellen Pompeo.
mxbai,bench_factconsolidation_sh_6k_fold1,bench,calib-factconsolidation_sh_6k-fold1,What position does Robert Parish play?,positive,12,0.867654085159302,0.8181473612785339,0.049506723880768044,0.860503089951945,0.8114043885207438,0.04909870143120121,2.4241424723273184,6.75,7.0,14,False,parish plays position robert,8,1,1,1,True,38,6,True,what,153,236,153,0.0,True,Robert Parish plays the position of center.
mxbai,bench_factconsolidation_sh_6k_fold1,bench,calib-factconsolidation_sh_6k-fold1,What is the country of citizenship of Cédric Klapisch?,hard_negative,12,0.5163677930831909,0.47270476818084695,0.04366302490234397,0.3972059946793776,0.3735359356953546,0.023670058984023024,2.483863561699952,0.0,11.0,48,False,citizenship grégoire henri,16,2,0,1,False,54,9,True,what,153,236,153,0.0,False,Henri Grégoire is a citizen of France.
mxbai,bench_factconsolidation_sh_6k_fold1,bench,calib-factconsolidation_sh_6k-fold1,Who is the author of Sidereus Nuncius?,hard_negative,12,0.503060400485992,0.47084587812423695,0.03221452236175504,0.503060400485992,0.41651750757144035,0.08654289291455164,2.4789612249025605,2.0,2.0,48,True,author witcher,3,1,0,1,False,38,7,True,who,153,236,153,0.0,False,The author of The Witcher is Andrzej Sapkowski.
mxbai,bench_factconsolidation_sh_6k_fold1,bench,calib-factconsolidation_sh_6k-fold1,Which continent is Germany located in?,positive,12,0.864620625972748,0.811018288135529,0.053602337837219016,0.864620625972748,0.811018288135529,0.053602337837219016,2.456179135006299,7.75,7.75,48,False,continent germany located,9,1,1,2,True,38,6,True,which,153,236,153,0.0,True,Germany is located in the continent of Europe.
mxbai,bench_factconsolidation_sh_6k_fold1,bench,calib-factconsolidation_sh_6k-fold1,Which religion is Kingdom of Ireland affiliated with?,hard_negative,12,0.519824981689453,0.518587529659271,0.0012374520301819958,0.519824981689453,0.518587529659271,0.0012374520301819958,2.4793991848218715,2.42857142857143,2.42857142857143,48,True,affiliated natalie portman religion,7,2,0,1,False,53,8,True,which,153,236,153,0.0,True,Natalie Portman is affiliated with the religion of interdenominational organization.
mxbai,bench_factconsolidation_sh_6k_fold1,bench,calib-factconsolidation_sh_6k-fold1,Which country was association football created in?,positive,12,0.8399031162261961,0.6775504350662229,0.16235268115997314,0.7504459795867194,0.6775504350662229,0.07289554452049651,2.4697136594821814,7.0,13.0,48,False,association country created football,8,1,1,1,True,50,7,True,which,153,236,153,0.0,True,association football was created in the country of England.
mxbai,bench_factconsolidation_sh_6k_fold1,bench,calib-factconsolidation_sh_6k-fold1,Who is the developer of Windows Phone?,positive,12,0.840797245502472,0.468170404434204,0.37262684106826804,0.6467671119249785,0.46817040443420394,0.17859670749077455,2.4557580430756176,0.0,6.0,48,False,developer phone windows,3,2,2,1,True,38,7,True,who,153,236,153,0.0,True,Windows Phone was developed by Microsoft.
mxbai,bench_factconsolidation_sh_6k_fold1,bench,calib-factconsolidation_sh_6k-fold1,Who is the chief executive officer of Microsoft?,hard_negative,12,0.628871738910675,0.596696674823761,0.03217506408691406,0.628871738910675,0.596696674823761,0.03217506408691406,2.4662881811241926,4.66666666666667,4.66666666666667,48,True,boeing chief executive officer,3,1,0,1,False,48,8,True,who,153,236,153,0.0,False,The chief executive officer of Boeing is Dennis Muilenburg.
mxbai,bench_factconsolidation_sh_6k_fold1,bench,calib-factconsolidation_sh_6k-fold1,Who is the chairperson of Harvard University?,hard_negative,12,0.670702457427979,0.403417468070984,0.26728498935699496,0.5159249672522915,0.40341746807098405,0.11250749918130748,2.4781335000592732,0.0,1.55555555555556,48,False,employer joseph story,2,3,0,1,False,45,7,True,who,153,236,153,0.0,True,Joseph Story is employed by Harvard University.
mxbai,bench_factconsolidation_sh_6k_fold1,bench,calib-factconsolidation_sh_6k-fold1,Who founded Church of Scotland?,hard_negative,12,0.582140445709229,0.575988590717316,0.006151854991912953,0.44780034285325304,0.44306814670562766,0.004732196147625378,2.478026095803434,0.0,8.0,48,False,catholic church founder,3,2,1,1,True,31,5,True,who,153,236,153,0.0,True,Catholic Church was founded by Jesus Christ.
mxbai,bench_factconsolidation_sh_6k_fold1,bench,calib-factconsolidation_sh_6k-fold1,Which sport is Galwegians RFC associated with?,positive,12,0.887245535850525,0.5100283026695249,0.3772172331810001,0.887245535850525,0.4454574117866844,0.4417881240638406,2.440754692529191,7.2,7.2,48,True,associated galwegians rfc sport,11,2,2,1,True,46,7,True,which,153,236,153,0.0,True,Galwegians RFC is associated with the sport of rugby union.
mxbai,bench_factconsolidation_sh_6k_fold1,bench,calib-factconsolidation_sh_6k-fold1,Who is the director of American Broadcasting Company?,hard_negative,12,0.6792781352996831,0.489749193191528,0.18952894210815507,0.5225216425382178,0.4614944320458627,0.061027210492355044,2.4775284795424777,0.0,2.66666666666667,48,False,666 avenue broadcaster original park,0,5,0,1,True,53,8,True,who,153,236,153,0.0,True,The origianl broadcaster of 666 Park Avenue is American Broadcasting Company.
mxbai,bench_factconsolidation_sh_6k_fold1,bench,calib-factconsolidation_sh_6k-fold1,Which city did Gennady Rozhdestvensky die in?,positive,12,0.856034994125366,0.8478683233261111,0.008166670799254927,0.856034994125366,0.6522064025585469,0.2038285915668191,2.4555536128625435,8.0,8.0,48,True,city died gennady rozhdestvensky,14,2,2,1,True,45,7,True,which,153,236,153,0.0,True,Gennady Rozhdestvensky died in the city of Moscow.
mxbai,bench_factconsolidation_sh_6k_fold1,bench,calib-factconsolidation_sh_6k-fold1,What is the capital of Tang Empire?,hard_negative,12,0.5162790417671199,0.648925840854645,-0.13264679908752508,0.5162790417671199,0.49917372373434227,0.01710531803277765,2.4771475570168655,2.75,2.75,48,True,capital iran,10,1,0,1,False,35,7,True,what,153,236,153,0.0,True,The capital of Iran is Tehran.
mxbai,bench_factconsolidation_sh_6k_fold1,bench,calib-factconsolidation_sh_6k-fold1,Who is the director of British Broadcasting Corporation?,hard_negative,12,0.663684546947479,0.474084734916687,0.18959981203079201,0.5105265745749838,0.3829145935865549,0.12761198098842896,2.479546104477034,0.0,12.0,48,False,dave employer filoni,1,3,0,1,True,56,8,True,who,153,236,153,0.0,True,Dave Filoni is employed by British Broadcasting Corporation.
mxbai,bench_factconsolidation_sh_6k_fold1,bench,calib-factconsolidation_sh_6k-fold1,What is the country of citizenship of Benjamin Mazar?,positive,12,0.896123588085175,0.44525247812271096,0.45087110996246405,0.6893258369885962,0.3518428673277367,0.3374829696608595,2.4571923707350813,0.0,11.0,48,False,benjamin citizenship mazar,16,2,2,1,True,53,9,True,what,153,236,153,0.0,True,Benjamin Mazar is a citizen of Israel.
mxbai,bench_factconsolidation_sh_6k_fold1,bench,calib-factconsolidation_sh_6k-fold1,What type of music does Michael Mantler play?,positive,12,0.875680923461914,0.7898299098014829,0.08585101366043102,0.6736007103553184,0.6075614690780637,0.06603924127725469,2.447174419825358,0.0,3.33333333333333,48,False,mantler michael music plays type,8,2,2,1,True,45,8,True,what,153,236,153,0.0,True,The type of music that Michael Mantler plays is jazz.
mxbai,bench_factconsolidation_sh_6k_fold1,bench,calib-factconsolidation_sh_6k-fold1,Which city did Oscar Wilde die in?,positive,12,0.881448090076447,0.841008067131042,0.04044002294540494,0.881448090076447,0.6469292824084939,0.23451880766795308,2.4615446633441707,6.6,6.6,48,True,city died oscar wilde,14,2,2,1,True,34,7,True,which,153,236,153,0.0,True,Oscar Wilde died in the city of Paris.
mxbai,bench_factconsolidation_sh_6k_fold1,bench,calib-factconsolidation_sh_6k-fold1,Which country was baseball created in?,positive,12,0.857533752918243,0.828661203384399,0.028872549533843994,0.7338510000934964,0.6374316949110761,0.09641930518242026,2.470038211250605,3.75,10.0,48,False,baseball country created,6,1,1,1,True,38,6,True,which,153,236,153,0.0,True,baseball was created in the country of United States of America.
mxbai,bench_factconsolidation_sh_6k_fold1,bench,calib-factconsolidation_sh_6k-fold1,What is the country of citizenship of Ernst Heinkel?,positive,12,0.9354507327079773,0.7859206199646,0.14953011274337724,0.7863019445559362,0.6045543230496924,0.1817476215062438,2.4531059600329006,3.4,11.0,48,False,citizenship ernst heinkel,16,2,2,1,True,52,9,True,what,153,236,153,0.0,True,Ernst Heinkel is a citizen of Germany.
mxbai,bench_factconsolidation_sh_6k_fold1,bench,calib-factconsolidation_sh_6k-fold1,Which city is the headquarter of The University of the Arts located in?,hard_negative,12,0.579083263874054,0.534845650196075,0.04423761367797896,0.5276853410449959,0.501615595006378,0.02606974603861789,2.4792488375198998,2.0,3.25,48,False,headquarters minnesota university,6,1,0,1,False,71,13,True,which,153,236,153,0.0,False,The headquarters of University of Minnesota is located in the city of Minneapolis.
mxbai,bench_factconsolidation_sh_6k_fold1,bench,calib-factconsolidation_sh_6k-fold1,Which country was rap rock created in?,hard_negative,12,0.581449091434479,0.597651064395905,-0.016201972961426003,0.5411949235659381,0.45973158799685,0.08146333556908814,2.478881033658107,7.0,10.0,48,False,country country created music,11,0,0,6,True,38,7,True,which,153,236,153,0.0,True,country music was created in the country of United States of America.
mxbai,bench_factconsolidation_sh_6k_fold1,bench,calib-factconsolidation_sh_6k-fold1,What is the official language of United States of America?,hard_negative,12,0.51891303062439,0.498851716518402,0.020061314105987993,0.51891303062439,0.498851716518402,0.020061314105987993,2.4808211661933943,3.83333333333333,3.83333333333333,48,True,citizenship sable,16,1,0,1,False,58,10,True,what,153,236,153,0.0,True,Sable is a citizen of United States of America.
mxbai,bench_factconsolidation_sh_6k_fold1,bench,calib-factconsolidation_sh_6k-fold1,Who performed Past Masters?,positive,12,0.746756136417389,0.7305142283439641,0.01624190807342496,0.746756136417389,0.7305142283439641,0.01624190807342496,2.4417861387248623,9.66666666666667,9.66666666666667,11,False,masters past performer,4,2,2,1,True,27,4,True,who,153,236,153,0.0,True,Past Masters was performed by The Beatles.
mxbai,bench_factconsolidation_sh_6k_fold1,bench,calib-factconsolidation_sh_6k-fold1,What is the capital of Japan?,hard_negative,12,0.554471671581268,0.619991838932037,-0.06552016735076904,0.554471671581268,0.47691679917849,0.07755487240277797,2.4818826853335323,2.75,2.75,48,True,capital iran,10,1,0,1,False,29,6,True,what,153,236,153,0.0,True,The capital of Iran is Tehran.
mxbai,bench_factconsolidation_sh_6k_fold1,bench,calib-factconsolidation_sh_6k-fold1,What is the capital of France?,positive,12,0.878781259059906,0.717504739761353,0.16127651929855302,0.6759855838922354,0.5519267228933484,0.12405886099888697,2.473688247053214,0.0,2.75,48,False,capital france,11,1,1,2,True,30,6,True,what,153,236,153,0.0,True,The capital of France is Paris.
mxbai,bench_factconsolidation_sh_6k_fold1,bench,calib-factconsolidation_sh_6k-fold1,Who is the developer of SteamOS?,positive,12,0.8722216486930849,0.821404993534088,0.050816655158996915,0.8722216486930849,0.821404993534088,0.050816655158996915,2.4005947176665647,10.0,10.0,48,True,developer steamos,3,1,1,1,True,32,6,True,who,153,236,153,0.0,True,SteamOS was developed by Valve Corporation.
mxbai,bench_factconsolidation_sh_6k_fold1,bench,calib-factconsolidation_sh_6k-fold1,Which city is the headquarter of University of Bucharest located in?,hard_negative,12,0.7872269749641421,0.6650791764259341,0.12214779853820801,0.6055592115108785,0.5115993664814877,0.09395984502939081,2.470850073346053,0.0,3.66666666666667,48,False,capital romania,10,1,0,1,False,68,11,True,which,153,236,153,0.0,False,The capital of Romania is Bucharest.
mxbai,bench_factconsolidation_sh_6k_fold1,bench,calib-factconsolidation_sh_6k-fold1,Which sport is wide receiver associated with?,hard_negative,12,0.638915538787842,0.628810524940491,0.010105013847351074,0.638915538787842,0.628810524940491,0.010105013847351074,2.4771865515741895,3.25,3.25,48,False,associated quarterback sport,11,1,0,1,False,45,7,True,which,153,236,153,0.0,False,quarterback is associated with the sport of American football.
mxbai,bench_factconsolidation_sh_6k_fold1,bench,calib-factconsolidation_sh_6k-fold1,What position does Hines Ward play?,hard_negative,12,0.59286230802536,0.506640493869781,0.08622181415557895,0.59286230802536,0.506640493869781,0.08622181415557895,2.468189762162867,7.0,7.0,11,False,parish plays position robert,8,1,0,1,False,35,6,True,what,153,236,153,0.0,False,Robert Parish plays the position of center.
mxbai,bench_factconsolidation_sh_6k_fold1,bench,calib-factconsolidation_sh_6k-fold1,What is the capital of Australia?,positive,12,0.893674612045288,0.834530770778656,0.05914384126663197,0.6874420092656061,0.6419467467528123,0.04549526251279379,2.469650194211759,0.0,2.75,48,False,australia capital,11,1,1,2,True,33,6,True,what,153,236,153,0.0,True,The capital of Australia is Canberra.
mxbai,bench_factconsolidation_sh_6k_fold1,bench,calib-factconsolidation_sh_6k-fold1,Which continent is Malaysia located in?,hard_negative,12,0.686191737651825,0.6117458939552309,0.07444584369659402,0.686191737651825,0.6117458939552309,0.07444584369659402,2.4740216116304694,4.75,4.75,48,False,australia continent located,9,1,0,2,False,39,6,True,which,153,236,153,0.0,True,Australia is located in the continent of Oceania.
mxbai,bench_factconsolidation_sh_6k_fold1,bench,calib-factconsolidation_sh_6k-fold1,Who is the author of A Wizard of Earthsea?,hard_negative,12,0.61121529340744,0.601810157299042,0.009405136108397993,0.61121529340744,0.46293089023003225,0.1482844031774077,2.4716987234636316,2.25,2.25,48,True,author witcher,3,1,0,1,False,42,9,True,who,153,236,153,0.0,True,The author of The Witcher is Andrzej Sapkowski.
mxbai,bench_factconsolidation_sh_6k_fold1,bench,calib-factconsolidation_sh_6k-fold1,Who performed Free as a Bird?,positive,12,0.791774213314056,0.5304379463195801,0.2613362669944759,0.7506628599304415,0.5304379463195801,0.22022491361086138,2.458537187526613,6.2,8.0,11,False,as bird free performer,4,3,3,1,True,29,6,True,who,153,236,153,0.0,True,Free as a Bird was performed by The Beatles.
mxbai,bench_factconsolidation_sh_6k_fold1,bench,calib-factconsolidation_sh_6k-fold1,Who is the author of Our Mutual Friend?,positive,12,0.848478436470032,0.814234912395477,0.034243524074555,0.848478436470032,0.6263345479965207,0.2221438884735113,2.4377214713423134,4.66666666666667,4.66666666666667,48,True,author friend mutual our,3,3,3,1,True,39,8,True,who,153,236,153,0.0,True,The author of Our Mutual Friend is Charles Dickens.
mxbai,bench_factconsolidation_sh_6k_fold1,bench,calib-factconsolidation_sh_6k-fold1,Which country was basketball created in?,positive,12,0.848558783531189,0.625190019607544,0.22336876392364502,0.6527375257932223,0.625190019607544,0.02754750618567836,2.474909751431482,0.0,10.0,48,False,basketball country created,6,1,1,1,True,40,6,True,which,153,236,153,0.0,True,basketball was created in the country of United States of America.
mxbai,bench_factconsolidation_sh_6k_fold1,bench,calib-factconsolidation_sh_6k-fold1,What is the country of citizenship of Hal Needham?,hard_negative,12,0.49347120523452803,0.456399083137512,0.03707212209701605,0.37959323479579077,0.35905522274804264,0.020538012047748133,2.4834904181660122,0.0,11.0,48,False,citizenship cook tim,16,2,0,1,False,50,9,True,what,153,236,153,0.0,False,Tim Cook is a citizen of United States of America.
mxbai,bench_factconsolidation_sh_6k_fold1,bench,calib-factconsolidation_sh_6k-fold1,Which continent is Bengaluru located in?,hard_negative,12,0.6135715246200559,0.5656470656394961,0.04792445898055986,0.6135715246200559,0.5656470656394961,0.04792445898055986,2.478138317413064,4.75,4.75,48,False,australia continent located,9,1,0,2,False,40,6,True,which,153,236,153,0.0,True,Australia is located in the continent of Oceania.
mxbai,bench_factconsolidation_sh_6k_fold1,bench,calib-factconsolidation_sh_6k-fold1,Which sport is Slovakia national football team associated with?,positive,12,0.9180870056152344,0.832208216190338,0.08587878942489635,0.796103417456567,0.7711020184980404,0.0250013989585266,2.4519737439491136,4.66666666666667,11.0,48,False,associated football national slovakia sport team,12,3,3,1,True,63,9,True,which,153,236,153,0.0,True,Slovakia national football team is associated with the sport of association football.
mxbai,bench_factconsolidation_sh_6k_fold1,bench,calib-factconsolidation_sh_6k-fold1,What is the name of the current head of state in United States of America?,positive,12,0.898781299591064,0.841847360134125,0.05693393945693903,0.6913702304546646,0.6475748924108653,0.043795338043799314,2.4738327345648443,0.0,4.83333333333333,48,False,america current head state states united,9,2,2,2,True,74,15,True,what,153,236,153,0.0,True,The name of the current head of state in United States of America is Donald Trump.
mxbai,bench_factconsolidation_sh_6k_fold1,bench,calib-factconsolidation_sh_6k-fold1,Which religion is Imelda Marcos affiliated with?,positive,12,0.9091184735298157,0.829414486885071,0.07970398664474465,0.6993219027152427,0.6380111437577469,0.061310758957495826,2.4565478611304528,0.0,4.0,48,False,affiliated imelda marcos religion,7,2,2,1,True,48,7,True,which,153,236,153,0.0,True,Imelda Marcos is affiliated with the religion of Catholicism.
mxbai,bench_factconsolidation_sh_6k_fold1,bench,calib-factconsolidation_sh_6k-fold1,What type of music does Dana International play?,positive,12,0.888303637504578,0.771546006202698,0.11675763130188,0.6833104903881368,0.5934969278482292,0.08981356253990769,2.4515492015898324,0.0,3.33333333333333,48,False,dana international music plays type,9,2,2,1,True,48,8,True,what,153,236,153,0.0,True,The type of music that Dana International plays is pop music.
mxbai,bench_factconsolidation_sh_6k_fold1,bench,calib-factconsolidation_sh_6k-fold1,What is the country of citizenship of Sable?,positive,12,0.862676739692688,0.791571855545044,0.07110488414764404,0.6979839075695384,0.6089014273423414,0.089082480227197,2.45685928723282,1.9,11.0,48,False,citizenship sable,16,1,1,1,True,44,8,True,what,153,236,153,0.0,True,Sable is a citizen of United States of America.
mxbai,bench_factconsolidation_sh_6k_fold1,bench,calib-factconsolidation_sh_6k-fold1,Which country was Charlie Hebdo created in?,positive,12,0.90358966588974,0.858451247215271,0.045138418674468994,0.8660559413066278,0.6603471132425162,0.20570882806411162,2.4458713963359067,8.2,10.0,48,False,charlie country created hebdo,6,2,2,1,True,43,7,True,which,153,236,153,0.0,True,Charlie Hebdo was created in the country of France.
mxbai,bench_factconsolidation_sh_6k_fold1,bench,calib-factconsolidation_sh_6k-fold1,Who is Elvis Presley married to?,positive,12,0.8511673808097839,0.919643759727478,-0.06847637891769409,0.8209484205443478,0.8135310182204611,0.007417402323886657,2.444269380420021,11.0,13.0,48,False,elvis presley spouse,6,2,2,1,True,32,6,True,who,153,236,153,0.0,True,Elvis Presley is married to Charles the Bold.
mxbai,bench_factconsolidation_sh_6k_fold1,bench,calib-factconsolidation_sh_6k-fold1,Who performed Hermione Granger?,positive,12,0.827032268047333,0.764570474624634,0.062461793422698975,0.8270322680473331,0.764570474624634,0.062461793422699086,2.4145800653432796,9.66666666666667,9.66666666666667,11,True,actor granger hermione performed,1,4,3,1,True,31,4,True,who,153,236,153,0.0,True,Hermione Granger was performed by Emma Watson.
mxbai,bench_factconsolidation_sh_6k_fold1,bench,calib-factconsolidation_sh_6k-fold1,Which sport is Bo Ryan associated with?,hard_negative,12,0.635422825813293,0.567334830760956,0.06808799505233698,0.635422825813293,0.567334830760956,0.06808799505233698,2.4708515569629808,3.25,3.25,48,False,associated quarterback sport,11,1,0,1,False,39,7,True,which,153,236,153,0.0,False,quarterback is associated with the sport of American football.
mxbai,bench_factconsolidation_sh_6k_fold1,bench,calib-factconsolidation_sh_6k-fold1,What type of music does John McVie play?,positive,12,0.9199159741401672,0.8322270512580869,0.0876889228820803,0.9199159741401671,0.640174654813913,0.2797413193262541,2.4265662156324463,8.0,8.0,48,True,john mcvie music plays type,10,1,1,1,True,40,8,True,what,153,236,153,0.0,True,The type of music that John McVie plays is rock music.
mxbai,bench_factconsolidation_sh_6k_fold1,bench,calib-factconsolidation_sh_6k-fold1,What position does Rogério Ceni play?,hard_negative,12,0.528125584125519,0.507101356983185,0.021024227142333984,0.528125584125519,0.507101356983185,0.021024227142333984,2.474208221216846,7.0,7.0,11,False,parish plays position robert,8,1,0,1,False,37,6,True,what,153,236,153,0.0,False,Robert Parish plays the position of center.
mxbai,bench_factconsolidation_sh_6k_fold1,bench,calib-factconsolidation_sh_6k-fold1,Who is the chief executive officer of Twitter?,positive,12,0.849786996841431,0.8775514960289,-0.02776449918746904,0.849786996841431,0.675039612329923,0.17474738451150795,2.438164070720748,5.83333333333333,5.83333333333333,48,True,chief executive officer twitter,3,1,1,1,True,46,8,True,who,153,236,153,0.0,True,The chief executive officer of Twitter is Bernard Arnault.
mxbai,bench_factconsolidation_sh_6k_fold1,bench,calib-factconsolidation_sh_6k-fold1,What language does Kylie Minogue speak?,positive,12,0.89560329914093,0.866544485092163,0.02905881404876698,0.7645844099122087,0.7397766448966748,0.024807765015533834,2.424089431783543,10.25,28.0,7,False,kylie language minogue speaks,2,3,2,1,True,39,6,True,what,153,236,153,0.0,True,Kylie Minogue speaks the language of English.
mxbai,bench_factconsolidation_sh_6k_fold1,bench,calib-factconsolidation_sh_6k-fold1,Which sport is Darryl Strawberry associated with?,hard_negative,12,0.485825777053833,0.475070357322693,0.010755419731140026,0.48582577705383306,0.475070357322693,0.010755419731140081,2.481467825800796,3.25,3.25,48,False,associated football national slovakia sport team,12,3,0,1,False,49,7,True,which,153,236,153,0.0,False,Slovakia national football team is associated with the sport of cricket.
mxbai,bench_factconsolidation_sh_6k_fold1,bench,calib-factconsolidation_sh_6k-fold1,Which sport is placekicker associated with?,hard_negative,12,0.5491544008255,0.5910442471504209,-0.041889846324920876,0.5491544008255,0.5385846985867742,0.010569702238725887,2.4823128870992086,3.25,3.25,48,False,associated cornerback sport,11,1,0,1,False,43,6,True,which,153,236,153,0.0,False,cornerback is associated with the sport of American football.
mxbai,bench_factconsolidation_sh_6k_fold1,bench,calib-factconsolidation_sh_6k-fold1,What kind of work does Stephen McNeil do?,hard_negative,12,0.66892945766449,0.36823445558547996,0.30069500207901,0.5145611212803769,0.36823445558547996,0.14632666569489694,2.4735319205691964,0.0,1.0,48,False,chairperson congolese labour party,0,4,0,1,True,41,8,True,what,153,236,153,0.0,True,The chairperson of Congolese Party of Labour is Stephen McNeil.
mxbai,bench_factconsolidation_sh_6k_fold1,bench,calib-factconsolidation_sh_6k-fold1,Who is the employer of Dave Filoni?,positive,12,0.7734025120735171,0.782035946846008,-0.0086334347724909,0.7734025120735171,0.6015661129584676,0.17183639911504944,2.4270627762502053,7.0,7.0,48,True,dave employer filoni,1,3,3,1,True,35,7,True,who,153,236,153,0.0,True,Dave Filoni is employed by Lucasfilm.
mxbai,bench_factconsolidation_sh_6k_fold1,bench,calib-factconsolidation_sh_6k-fold1,Which continent is San Francisco located in?,hard_negative,12,0.64790266752243,0.557439923286438,0.09046274423599199,0.64790266752243,0.557439923286438,0.09046274423599199,2.4775933543839015,4.75,4.75,48,False,australia continent located,9,1,0,2,False,44,7,True,which,153,236,153,0.0,True,Australia is located in the continent of Oceania.
mxbai,bench_factconsolidation_sh_6k_fold1,bench,calib-factconsolidation_sh_6k-fold1,Where was Canadair founded?,hard_negative,12,0.687391638755798,0.626966893672943,0.060424745082855,0.639802986841935,0.48228222590226383,0.1575207609396712,2.4696757090688024,7.0,10.0,48,False,ap1000 company produced,1,3,0,1,True,27,4,True,where,153,236,153,0.0,True,The company that produced AP1000 is Canadair.
mxbai,bench_factconsolidation_sh_6k_fold1,bench,calib-factconsolidation_sh_6k-fold1,Which company is AP1000 produced by?,positive,12,0.795441091060638,0.75781786441803,0.037623226642607976,0.6118777623543369,0.5829368187831,0.028940943571236888,2.454972463608012,0.0,3.0,48,False,ap1000 company produced,1,3,3,1,True,36,6,True,which,153,236,153,0.0,True,The company that produced AP1000 is Westinghouse Electric.
mxbai,bench_factconsolidation_sh_6k_fold1,bench,calib-factconsolidation_sh_6k-fold1,What is the country of citizenship of Ayumi Hamasaki?,hard_negative,12,0.7324061989784241,0.506363451480865,0.22604274749755904,0.7324061989784241,0.396465889208919,0.33594030976950506,2.4574257762641167,14.0,14.0,48,True,man performer rocket,4,2,0,1,False,53,9,True,what,153,236,153,0.0,False,Rocket Man was performed by Ayumi Hamasaki.
mxbai,bench_factconsolidation_sh_6k_fold1,bench,calib-factconsolidation_sh_6k-fold1,What position does Blair Walsh play?,positive,12,0.801486074924469,0.580756783485413,0.22072929143905595,0.7948804204608056,0.580756783485413,0.2141236369753926,2.451253560847826,6.75,7.0,14,False,blair plays position walsh,7,2,2,1,True,36,6,True,what,153,236,153,0.0,True,Blair Walsh plays the position of placekicker.
mxbai,bench_factconsolidation_sh_6k_fold1,bench,calib-factconsolidation_sh_6k-fold1,Who is Tony Blair married to?,positive,12,0.9072445034980774,0.868945181369781,0.03829932212829634,0.797194134730559,0.668419370284447,0.12877476444611202,2.4622905849248,6.16666666666667,13.0,48,False,blair spouse tony,7,2,2,1,True,29,6,True,who,153,236,153,0.0,True,Tony Blair is married to Cherie Blair.
mxbai,bench_factconsolidation_sh_6k_fold1,bench,calib-factconsolidation_sh_6k-fold1,Who is the author of Endymion?,hard_negative,12,0.449410319328308,0.5013943314552309,-0.05198401212692294,0.449410319328308,0.4435411393642427,0.005869179964065274,2.4822143964959427,2.0,2.0,48,True,author witcher,3,1,0,1,False,30,6,True,who,153,236,153,0.0,False,The author of The Witcher is Andrzej Sapkowski.
mxbai,bench_factconsolidation_sh_6k_fold1,bench,calib-factconsolidation_sh_6k-fold1,Who is the author of Lady Windermere's Fan?,hard_negative,12,0.49667471647262595,0.538803279399872,-0.042128562927246094,0.49667471647262595,0.48699527176526913,0.009679444707356821,2.479145044755759,2.0,2.0,48,True,author witcher,3,1,0,1,False,43,8,True,who,153,236,153,0.0,False,The author of The Witcher is Andrzej Sapkowski.
mxbai,bench_factconsolidation_sh_6k_fold1,bench,calib-factconsolidation_sh_6k-fold1,What is the name of the current head of the Japan government?,positive,12,0.898776471614838,0.573320090770721,0.325456380844117,0.6913665166267984,0.5346631805668071,0.15670333605999132,2.4669536420921077,0.0,2.25,48,False,current government head japan,5,1,1,1,True,61,12,True,what,153,236,153,0.0,True,The name of the current head of the Japan government is Shinzō Abe.
mxbai,bench_factconsolidation_sh_6k_fold1,bench,calib-factconsolidation_sh_6k-fold1,Who is the chairperson of Congolese Party of Labour?,positive,12,0.85718160867691,0.813458144664764,0.043723464012145996,0.6593704682130076,0.6257370343575107,0.033633433855496886,2.447348585754543,0.0,2.0,48,False,chairperson congolese labour party,0,4,4,1,True,52,9,True,who,153,236,153,0.0,True,The chairperson of Congolese Party of Labour is Denis Sassou-Nguesso.
mxbai,bench_factconsolidation_sh_6k_fold1,bench,calib-factconsolidation_sh_6k-fold1,Which sport is flanker associated with?,hard_negative,12,0.660777449607849,0.601260781288147,0.05951666831970204,0.660777449607849,0.601260781288147,0.05951666831970204,2.477175604900464,3.25,3.25,48,False,associated cornerback sport,11,1,0,1,False,39,6,True,which,153,236,153,0.0,False,cornerback is associated with the sport of American football.
mxbai,bench_factconsolidation_sh_6k_fold1,bench,calib-factconsolidation_sh_6k-fold1,What is the capital of Czech Republic?,hard_negative,12,0.46509480476379395,0.463004291057587,0.0020905137062069423,0.46509480476379395,0.4416348622395445,0.023459942524249433,2.4833171227730233,2.75,2.75,48,True,capital iran,10,1,0,1,False,38,7,True,what,153,236,153,0.0,True,The capital of Iran is Tehran.
mxbai,bench_factconsolidation_sh_6k_fold1,bench,calib-factconsolidation_sh_6k-fold1,What position does Lisa Leslie play?,hard_negative,12,0.527401924133301,0.49731540679931596,0.03008651733398504,0.527401924133301,0.49731540679931596,0.03008651733398504,2.470631511912118,7.0,7.0,11,False,parish plays position robert,8,1,0,1,False,36,6,True,what,153,236,153,0.0,False,Robert Parish plays the position of center.
mxbai,bench_factconsolidation_sh_6k_fold1,bench,calib-factconsolidation_sh_6k-fold1,What is the name of the current head of state in Soviet Union?,hard_negative,12,0.729636132717133,0.58068460226059,0.14895153045654297,0.6454473481728481,0.58068460226059,0.06476274591225806,2.4735633403995814,1.33333333333333,2.66666666666667,48,False,commissars council current government head people,5,3,0,1,False,62,13,True,what,153,236,153,0.0,True,The name of the current head of the Council of People's Commissars government is Vladimir Lenin.
mxbai,bench_factconsolidation_sh_6k_fold1,bench,calib-factconsolidation_sh_6k-fold1,What is the country of citizenship of Ferdinand von Richthofen?,hard_negative,12,0.6087572574615481,0.571367084980011,0.03739017248153709,0.4810459447073771,0.45549543837567297,0.025550506331704137,2.482863927935324,1.0,11.0,48,False,citizenship ernst heinkel,16,2,0,1,False,63,10,True,what,153,236,153,0.0,True,Ernst Heinkel is a citizen of Germany.
mxbai,bench_factconsolidation_sh_6k_fold1,bench,calib-factconsolidation_sh_6k-fold1,Which religion is Karen Armstrong affiliated with?,hard_negative,12,0.885397255420685,0.621227204799652,0.26417005062103305,0.885397255420685,0.5734404967381402,0.3119567586825448,2.4433240076745957,6.0,6.0,48,True,armstrong karen religion,7,2,2,1,True,50,7,True,which,153,236,153,0.0,True,Karen Armstrong is affiliated with the religion of Catholic Church.
mxbai,bench_factconsolidation_sh_6k_fold1,bench,calib-factconsolidation_sh_6k-fold1,Who was Vito Corleone created by?,positive,12,0.857156157493591,0.845559775829315,0.011596381664276012,0.8317965078636026,0.820543214414246,0.01125329344935655,2.4295019601083947,11.3333333333333,13.0,48,False,corleone creator vito,1,3,2,1,True,33,6,True,who,153,236,153,0.0,True,Vito Corleone was created by Mario Puzo.
mxbai,bench_factconsolidation_sh_6k_fold1,bench,calib-factconsolidation_sh_6k-fold1,What is the capital of Romania?,positive,12,0.899586498737335,0.827055811882019,0.07253068685531594,0.6919896144133346,0.6361967783707838,0.05579283604255081,2.469574082333788,0.0,2.75,48,False,capital romania,10,1,1,1,True,31,6,True,what,153,236,153,0.0,True,The capital of Romania is Bucharest.
mxbai,bench_factconsolidation_sh_6k_fold1,bench,calib-factconsolidation_sh_6k-fold1,Which continent is India located in?,positive,12,0.672794818878174,0.834149062633514,-0.1613542437553399,0.672794818878174,0.641653125102703,0.031141693775471047,2.474859289681675,4.75,4.75,48,False,australia continent located,9,1,0,2,False,36,6,True,which,153,236,153,0.0,True,Australia is located in the continent of Oceania.
mxbai,bench_factconsolidation_sh_6k_fold1,bench,calib-factconsolidation_sh_6k-fold1,Which city did Olga of Kiev die in?,positive,12,0.853709578514099,0.928861141204834,-0.07515156269073497,0.7981426828711693,0.7145085701575645,0.08363411271360477,2.4489699313076305,2.33333333333333,3.25,48,False,city died kiev olga,14,2,2,1,True,35,8,True,which,153,236,153,0.0,True,Olga of Kiev died in the city of Rodez.
mxbai,bench_factconsolidation_sh_6k_fold1,bench,calib-factconsolidation_sh_6k-fold1,Who founded Sasanian Empire?,hard_negative,12,0.6448206901550291,0.451985061168671,0.1928356289863581,0.4960159155038685,0.451985061168671,0.04403085433519749,2.4771352198163368,0.0,12.0,9,False,ardashir child i,1,3,0,1,True,28,4,True,who,153,236,153,0.0,True,Ardashir I's child is Shapur I.
mxbai,bench_factconsolidation_sh_6k_fold1,bench,calib-factconsolidation_sh_6k-fold1,Which city did Pedro Pierluisi work in?,hard_negative,12,0.481830954551697,0.48514533042907704,-0.003314375877380038,0.43417734366196875,0.4291670230718758,0.0050103205900929315,2.483703946657491,4.0,7.0,48,False,city died john keats,15,1,0,1,False,39,7,True,which,153,236,153,0.0,False,John Keats died in the city of Rome.
mxbai,bench_factconsolidation_sh_6k_fold1,bench,calib-factconsolidation_sh_6k-fold1,Which sport is Surrey Senior Cup associated with?,positive,12,0.861189067363739,0.838178932666779,0.023010134696960005,0.861189067363739,0.6447530251282915,0.21643604223544755,2.4476362048850087,3.7,3.7,48,True,associated cup senior sport surrey,11,3,3,1,True,49,8,True,which,153,236,153,0.0,True,Surrey Senior Cup is associated with the sport of association football.
mxbai,bench_factconsolidation_sh_6k_fold1,bench,calib-factconsolidation_sh_6k-fold1,What is the country of citizenship of Narendra Modi?,hard_negative,12,0.5845076441764829,0.623862564563751,-0.039354920387268066,0.4888609387657858,0.4798942804336546,0.008966658332131172,2.4807257276893124,3.2,11.0,48,False,director madonna,1,2,0,1,True,52,9,True,what,153,236,153,0.0,True,The director of Madonna is Narendra Modi.
mxbai,bench_factconsolidation_sh_6k_fold1,bench,calib-factconsolidation_sh_6k-fold1,Who is Victoria Beckham married to?,hard_negative,12,0.5705946087837219,0.638693153858185,-0.06809854507446311,0.5705946087837219,0.5649977899514713,0.005596818832250605,2.4768993422773993,13.0,13.0,48,False,elvis presley spouse,6,2,0,1,False,35,6,True,who,153,236,153,0.0,True,Elvis Presley is married to Charles the Bold.
mxbai,bench_factconsolidation_sh_6k_fold1,bench,calib-factconsolidation_sh_6k-fold1,What is the country of citizenship of Charles Messier?,hard_negative,12,0.561526715755463,0.558501541614532,0.003025174140930953,0.4319436275042023,0.42961657047271695,0.0023270570314853356,2.483511857158137,0.0,11.0,48,False,citizenship grégoire henri,16,2,0,1,False,54,9,True,what,153,236,153,0.0,False,Henri Grégoire is a citizen of France.
mxbai,bench_factconsolidation_sh_6k_fold1,bench,calib-factconsolidation_sh_6k-fold1,Who was Rand al'Thor created by?,positive,12,0.838561296463013,0.825948119163513,0.012613177299500067,0.771575630769222,0.7599700149699778,0.011605615799244129,2.4323008476396915,8.5,13.0,48,False,al creator rand thor,1,4,3,1,True,32,6,True,who,153,236,153,0.0,True,Rand al'Thor was created by Robert Jordan.
mxbai,bench_factconsolidation_sh_6k_fold1,bench,calib-factconsolidation_sh_6k-fold1,What position does Mike D'Antoni play?,hard_negative,12,0.551519393920898,0.610385417938232,-0.058866024017333984,0.551519393920898,0.46952724456787076,0.08199214935302723,2.478429623219328,7.0,7.0,11,False,parish plays position robert,8,1,0,1,False,38,6,True,what,153,236,153,0.0,False,Robert Parish plays the position of center.
mxbai,bench_factconsolidation_sh_6k_fold1,bench,calib-factconsolidation_sh_6k-fold1,What is the country of citizenship of Colin Irwin?,hard_negative,12,0.539253652095795,0.5375081300735469,0.0017455220222480916,0.41481050161215,0.41346779236426684,0.001342709247883156,2.4829048651503,0.0,11.0,48,False,citizenship mallya vijay,16,2,0,1,False,50,9,True,what,153,236,153,0.0,False,Vijay Mallya is a citizen of India.
mxbai,bench_factconsolidation_sh_6k_fold1,bench,calib-factconsolidation_sh_6k-fold1,Who is Walter Chrysler's child?,positive,12,0.912419319152832,0.817203938961029,0.09521538019180298,0.912419319152832,0.7417697292107802,0.17064958994205182,2.391831903901961,8.75,8.75,48,True,child chrysler walter,1,3,3,1,True,31,5,True,who,153,236,153,0.0,True,Walter Chrysler's child is Walter Percy Chrysler Jr..
mxbai,bench_factconsolidation_sh_6k_fold1,bench,calib-factconsolidation_sh_6k-fold1,Who is Charles Darwin married to?,positive,12,0.9100934267044067,0.8667557835578921,0.04333764314651467,0.7996974784947005,0.6667352181214554,0.1329622603732451,2.462941377503243,6.16666666666667,13.0,48,False,charles darwin spouse,7,1,1,1,True,33,6,True,who,153,236,153,0.0,True,Charles Darwin is married to Emma Darwin.
mxbai,bench_factconsolidation_sh_6k_fold1,bench,calib-factconsolidation_sh_6k-fold1,What position does Irving Fryar play?,positive,12,0.8013014793396,0.5362288355827329,0.2650726437568671,0.8013014793396,0.5036643313975467,0.2976371479420533,2.4528310931702597,9.5,9.5,11,True,fryar irving plays position,6,2,2,1,True,37,6,True,what,153,236,153,0.0,True,Irving Fryar plays the position of wide receiver.
mxbai,bench_factconsolidation_sh_6k_fold1,bench,calib-factconsolidation_sh_6k-fold1,what's the weather in Paris?,off_domain_negative,12,0.684099614620209,0.528680920600891,0.15541869401931796,0.5262304727847761,0.4066776312314546,0.11955284155332147,2.478193165421911,0.0,3.0,48,False,capital france,11,1,0,2,False,28,5,True,what's,153,236,153,0.0,False,The capital of France is Paris.
mxbai,bench_factconsolidation_sh_6k_fold1,bench,calib-factconsolidation_sh_6k-fold1,how do I center a div in CSS?,off_domain_negative,12,0.33544647693634,0.331837296485901,0.003609180450439009,0.33544647693634,0.331837296485901,0.003609180450439009,2.4796665865832352,2.0,2.0,48,False,country created le parisien petit,6,3,0,1,False,29,8,True,how,153,236,153,0.0,True,Le Petit Parisien was created in the country of France.
mxbai,bench_factconsolidation_sh_6k_fold1,bench,calib-factconsolidation_sh_6k-fold1,explain the difference between TCP and UDP,off_domain_negative,12,0.369159698486328,0.343164026737213,0.02599567174911499,0.369159698486328,0.343164026737213,0.02599567174911499,2.4790665845096576,1.0,1.0,48,False,associated cornerback sport,11,1,0,1,False,42,7,False,explain,153,236,153,0.0,True,cornerback is associated with the sport of American football.
mxbai,bench_factconsolidation_sh_6k_fold1,bench,calib-factconsolidation_sh_6k-fold1,write me a haiku about autumn,off_domain_negative,12,0.476498246192932,0.468455910682678,0.008042335510254017,0.36653711245610154,0.3603507005251369,0.0061864119309646415,2.483637163892769,0.0,0.0,0,False,city died john keats,15,1,0,1,False,29,6,False,write,153,236,153,0.0,True,John Keats died in the city of Leipzig.
mxbai,bench_factconsolidation_sh_6k_fold1,bench,calib-factconsolidation_sh_6k-fold1,what time is it in Tokyo?,off_domain_negative,12,0.44597315788269,0.39286595582962003,0.05310720205306996,0.3945147165885334,0.37020061222406503,0.024314104364468347,2.483525415880824,1.0,2.0,48,False,capital iran,10,1,0,1,False,25,6,True,what,153,236,153,0.0,True,The capital of Iran is Tehran.
mxbai,bench_factconsolidation_sh_6k_fold1,bench,calib-factconsolidation_sh_6k-fold1,summarize this article for me,off_domain_negative,12,0.42730355262756303,0.426582455635071,0.0007210969924920096,0.427303552627563,0.42658245563507097,0.0007210969924920096,2.480999262756251,5.0,5.0,7,True,famous friedrich nietzsche work,6,2,0,1,False,29,5,False,summarize,153,236,153,0.0,True,Friedrich Nietzsche is famous for Thus Spoke Zarathustra.
mxbai,bench_factconsolidation_sh_6k_fold1,bench,calib-factconsolidation_sh_6k-fold1,can you explain that again?,off_domain_negative,12,0.430125594139099,0.39611899852752697,0.034006595611572044,0.3308658416454608,0.30470692194425153,0.02615891970120926,2.484207381991762,0.0,5.0,10,False,language speaks waynflete william,2,3,0,1,False,27,5,True,can,153,236,153,0.0,True,William Waynflete speaks the language of English.
mxbai,bench_factconsolidation_sh_6k_fold1,bench,calib-factconsolidation_sh_6k-fold1,"thanks, that helps",off_domain_negative,12,0.35600084066391,0.34113776683807395,0.01486307382583607,0.35600084066391,0.34113776683807395,0.01486307382583607,2.483298008215039,5.0,5.0,10,True,ap1000 company produced,1,3,0,1,True,18,3,False,thanks,153,236,153,0.0,True,The company that produced AP1000 is Westinghouse Electric.
mxbai,bench_factconsolidation_sh_6k_fold1,bench,calib-factconsolidation_sh_6k-fold1,what's 17 times 23?,off_domain_negative,12,0.374026775360107,0.358991622924805,0.015035152435301957,0.2877129041231592,0.27614740224985,0.01156550187330918,2.4846009870505656,0.0,7.0,1,False,associated cornerback sport,11,1,0,1,False,19,4,True,what's,153,236,153,0.0,True,cornerback is associated with the sport of American football.
mxbai,bench_factconsolidation_sh_6k_fold1,bench,calib-factconsolidation_sh_6k-fold1,translate 'good morning' into Japanese,off_domain_negative,12,0.527686595916748,0.45776379108429,0.06992280483245805,0.4059127660898062,0.3521259931417615,0.05378677294804468,2.4789148519825304,0.0,0.0,0,False,current government head japan,5,1,0,1,False,38,5,False,translate,153,236,153,0.0,False,The name of the current head of the Japan government is Shinzō Abe.
mxbai,bench_factconsolidation_sh_6k_fold1,bench,calib-factconsolidation_sh_6k-fold1,give me a recipe for banana bread,off_domain_negative,12,0.377017021179199,0.37472015619278,0.0022968649864190116,0.2900130932147684,0.28824627399444613,0.001766819220322291,2.48418389952589,0.0,5.0,7,False,brian citizenship epstein,16,2,0,1,False,33,7,False,give,153,236,153,0.0,False,Brian Epstein is a citizen of United Kingdom.
mxbai,bench_factconsolidation_sh_6k_fold1,bench,calib-factconsolidation_sh_6k-fold1,what does HTTP 429 mean?,off_domain_negative,12,0.38496911525726296,0.364279866218567,0.020689249038695956,0.296130088659433,0.28021528170659,0.01591480695284303,2.483361594103338,0.0,0.0,0,False,associated cornerback sport,11,1,0,1,False,24,5,True,what,153,236,153,0.0,False,cornerback is associated with the sport of American football.
mxbai,bench_factconsolidation_sh_6k_fold1,bench,calib-factconsolidation_sh_6k-fold1,how long should I boil an egg?,off_domain_negative,12,0.36658406257629395,0.35897034406662,0.007613718509673961,0.28198774044330305,0.27613103389739996,0.00585670654590309,2.4842737558187813,0.0,0.0,0,False,australia continent located,9,1,0,2,False,30,7,True,how,153,236,153,0.0,True,Australia is located in the continent of Oceania.
mxbai,bench_factconsolidation_sh_6k_fold1,bench,calib-factconsolidation_sh_6k-fold1,draft an email declining a meeting,off_domain_negative,12,0.37500178813934304,0.368985772132874,0.00601601600646906,0.2884629139533408,0.28383520933297995,0.0046277046203608285,2.4844047384357446,0.0,0.0,0,False,applescript developer,3,1,0,1,False,34,6,False,draft,153,236,153,0.0,False,AppleScript was developed by Apple Inc..
mxbai,bench_factconsolidation_sh_6k_fold1,bench,calib-factconsolidation_sh_6k-fold1,explain recursion like I'm five,off_domain_negative,12,0.398176431655884,0.39420533180236805,0.003971099853515958,0.3062895628122185,0.30323487061720616,0.0030546921950123096,2.4838763045021413,0.0,0.0,0,False,applescript developer,3,1,0,1,False,31,5,False,explain,153,236,153,0.0,True,AppleScript was developed by Apple Inc..
mxbai,bench_factconsolidation_sh_6k_fold1,bench,calib-factconsolidation_sh_6k-fold1,is it going to rain tomorrow?,off_domain_negative,12,0.31349903345108,0.350530385971069,-0.037031352519989014,0.27009147497323815,0.26963875843928387,0.00045271653395428935,2.4846875520403864,1.0,2.5,48,False,associated football national slovakia sport team,12,3,0,1,False,29,6,True,is,153,236,153,0.0,True,Slovakia national football team is associated with the sport of cricket.
mxbai,bench_factconsolidation_sh_6k_fold1,bench,calib-factconsolidation_sh_6k-fold1,set a timer for 10 minutes,off_domain_negative,12,0.417086124420166,0.343530297279358,0.073555827140808,0.32083548032320464,0.2642540748302754,0.056581405492929226,2.4827201108190056,0.0,5.0,7,False,applescript developer,3,1,0,1,False,26,6,False,set,153,236,153,0.0,True,AppleScript was developed by Apple Inc..
mxbai,bench_factconsolidation_sh_6k_fold1,bench,calib-factconsolidation_sh_6k-fold1,help me debug this stack trace,off_domain_negative,12,0.41820859909057595,0.39433515071868896,0.023873448371886985,0.3216989223773661,0.30333473132206845,0.01836419105529763,2.483813320824928,0.0,0.0,0,False,applescript developer,3,1,0,1,False,30,6,False,help,153,236,153,0.0,False,AppleScript was developed by Apple Inc..
mxbai,bench_factconsolidation_sh_6k_fold1,bench,calib-factconsolidation_sh_6k-fold1,how do I revert a git commit?,off_domain_negative,12,0.358770728111267,0.32651972770690896,0.03225100040435802,0.275977483162513,0.2511690213130069,0.024808461849506136,2.48395534711344,0.0,0.0,0,False,applescript developer,3,1,0,1,False,29,7,True,how,153,236,153,0.0,True,AppleScript was developed by Apple Inc..
mxbai,bench_factconsolidation_sh_6k_fold1,bench,calib-factconsolidation_sh_6k-fold1,what are the side effects of ibuprofen?,off_domain_negative,12,0.33992528915405296,0.32872474193573,0.011200547218322976,0.29089760321837227,0.29079496402006877,0.00010263919830350021,2.48134745042241,0.75,2.0,48,False,city died kiev olga,14,2,0,1,False,39,7,True,what,153,236,153,0.0,False,Olga of Kiev died in the city of Rodez.
mxbai,bench_factconsolidation_sh_6k_fold1,bench,calib-factconsolidation_sh_6k-fold1,recommend a sci-fi novel,off_domain_negative,12,0.521778345108032,0.457367062568665,0.06441128253936701,0.40136795777540923,0.3518208173605115,0.04954714041489772,2.481291853517907,0.0,0.0,0,False,citizenship heinlein robert,18,1,0,1,False,24,4,False,recommend,153,236,153,0.0,True,Robert A. Heinlein is a citizen of United States of America.
mxbai,bench_factconsolidation_sh_6k_fold1,bench,calib-factconsolidation_sh_6k-fold1,convert 200 pounds to kilograms,off_domain_negative,12,0.391170859336853,0.39048147201538097,0.000689387321472057,0.30090066102834845,0.3003703630887546,0.0005302979395938601,2.484844922823293,0.0,4.0,15,False,continent germany located,9,1,0,2,False,31,5,False,convert,153,236,153,0.0,True,Germany is located in the continent of Europe.
mxbai,bench_factconsolidation_sh_6k_fold1,bench,calib-factconsolidation_sh_6k-fold1,what's the difference between a list and a tuple?,off_domain_negative,12,0.33443856239318803,0.343842029571533,-0.009403467178344949,0.33443856239318803,0.2644938689011792,0.06994469349200882,2.4817786268947857,1.0,1.0,48,False,australia continent located,9,1,0,2,False,49,9,True,what's,153,236,153,0.0,True,Australia is located in the continent of Oceania.
mxbai,bench_factconsolidation_sh_6k_fold1,bench,calib-factconsolidation_sh_6k-fold1,how many calories are in an avocado?,off_domain_negative,12,0.36034417152404796,0.32842814922332797,0.03191602230071999,0.36034417152404796,0.32842814922332797,0.03191602230071999,2.4736488560075176,2.0,2.0,48,False,australia continent located,9,1,0,2,False,36,7,True,how,153,236,153,0.0,True,Australia is located in the continent of South America.
mxbai,bench_factconsolidation_sh_6k_fold1,bench,calib-factconsolidation_sh_6k-fold1,explain quantum entanglement briefly,off_domain_negative,12,0.377998411655426,0.37740445137023904,0.0005939602851869896,0.2907680089657123,0.2903111164386454,0.0004568925270669322,2.4846236143151397,0.0,0.0,0,False,current head kingdom state united,8,1,0,2,False,36,4,False,explain,153,236,153,0.0,False,The name of the current head of state in United Kingdom is Elizabeth II.
mxbai,bench_factconsolidation_sh_6k_fold1,bench,calib-factconsolidation_sh_6k-fold1,why is the sky blue?,off_domain_negative,12,0.34737992286682096,0.367071390151978,-0.019691467285157027,0.34737992286682096,0.33883512937105664,0.008544793495764313,2.4811035672072927,1.0,1.0,48,False,citizenship ernst heinkel,16,2,0,1,False,20,5,True,why,153,236,153,0.0,False,Ernst Heinkel is a citizen of Germany.
mxbai,bench_factconsolidation_sh_6k_fold1,bench,calib-factconsolidation_sh_6k-fold1,what's a good name for a startup?,off_domain_negative,12,0.449735403060913,0.443728923797607,0.006006479263305997,0.3459503100468561,0.34132994138277456,0.004620368664081553,2.483069464683775,0.0,5.0,16,False,birthplace jobs steve,2,3,0,1,False,33,7,True,what's,153,236,153,0.0,True,Steve Jobs was born in the city of San Francisco.
mxbai,bench_factconsolidation_sh_6k_fold1,bench,calib-factconsolidation_sh_6k-fold1,tell me a joke,off_domain_negative,12,0.416220545768738,0.40369093418121305,0.01252961158752497,0.3201696505913369,0.3105314878317023,0.009638162759634583,2.4844125114486775,0.0,0.0,0,False,author boz sketches,3,2,0,1,False,14,4,False,tell,153,236,153,0.0,False,The author of Sketches by Boz is Charles Dickens.
mxbai,bench_factconsolidation_sh_6k_fold1,bench,calib-factconsolidation_sh_6k-fold1,what does this error mean: ECONNREFUSED,off_domain_negative,12,0.38678663969039895,0.38195139169693004,0.004835247993468905,0.29752818437722994,0.2938087628437923,0.003719421533437628,2.484500818415509,0.0,0.0,0,False,language speaks waynflete william,2,3,0,1,False,39,6,False,what,153,236,153,0.0,True,William Waynflete speaks the language of English.
mxbai,bench_factconsolidation_sh_6k_fold1,bench,calib-factconsolidation_sh_6k-fold1,how far away is the moon?,off_domain_negative,12,0.36523878574371305,0.34249436855316195,0.02274441719055109,0.33714349453265824,0.31614864789522645,0.020994846637431785,2.482703980312345,0.666666666666667,1.0,48,False,australia continent located,9,1,0,2,False,25,6,True,how,153,236,153,0.0,True,Australia is located in the continent of Oceania.
mxbai,bench_factconsolidation_sh_6k_fold1,bench,calib-factconsolidation_sh_6k-fold1,write a SQL query joining two tables,off_domain_negative,12,0.4004065990448,0.39686381816864,0.003542780876160001,0.3080050761883077,0.3052798601297231,0.002725216058584612,2.4835574217958265,0.0,0.0,0,False,associated guard point sport,11,2,0,1,False,36,7,False,write,153,236,153,0.0,True,point guard is associated with the sport of basketball.
mxbai,bench_factconsolidation_sh_6k_fold1,bench,calib-factconsolidation_sh_6k-fold1,open the file and show me line 40,off_domain_negative,12,0.34860086441039995,0.436282634735107,-0.08768177032470703,0.34860086441039995,0.33560202671931305,0.012998837691086895,2.4806621064082366,1.0,1.0,48,False,associated cornerback sport,11,1,0,1,False,33,8,False,open,153,236,153,0.0,False,cornerback is associated with the sport of American football.
mxbai,bench_factconsolidation_sh_6k_fold1,bench,calib-factconsolidation_sh_6k-fold1,what's on my calendar today?,off_domain_negative,12,0.37231016159057595,0.36784577369689897,0.00446438789367698,0.2863924319927507,0.282958287459153,0.003434144533597694,2.4847678748352573,0.0,0.0,0,False,continent located london,8,1,0,1,False,28,5,True,what's,153,236,153,0.0,True,London is located in the continent of Europe.
mxbai,bench_factconsolidation_sh_6k_fold1,bench,calib-factconsolidation_sh_6k-fold1,should I use tabs or spaces?,off_domain_negative,12,0.41768932342529297,0.36545491218566895,0.05223441123962402,0.32129947955791766,0.28111916321974534,0.04018031633817232,2.483205545287069,0.0,0.0,0,False,applescript developer,3,1,0,1,False,28,6,True,should,153,236,153,0.0,True,AppleScript was developed by Apple Inc..
mxbai,bench_factconsolidation_sh_6k_fold1,bench,calib-factconsolidation_sh_6k-fold1,which of these two designs looks better?,off_domain_negative,12,0.40180230140686,0.357078492641449,0.044723808765411044,0.4018023014068601,0.31587712810589713,0.08592517330096294,2.4774669811827783,1.0,1.0,48,False,associated cornerback sport,11,1,0,1,False,40,7,True,which,153,236,153,0.0,True,cornerback is associated with the sport of American football.
mxbai,bench_factconsolidation_sh_6k_fold1,bench,calib-factconsolidation_sh_6k-fold1,book a table for two at 8pm,off_domain_negative,12,0.39101904630661,0.38060027360916104,0.010418772697448953,0.30078388177431536,0.2927694412378162,0.00801444053649919,2.484648975011494,0.0,5.0,7,False,blair spouse tony,7,2,0,1,False,27,7,False,book,153,236,153,0.0,True,Tony Blair is married to Alan Jay Lerner.
mxbai,bench_factconsolidation_sh_6k_fold1,bench,calib-factconsolidation_sh_6k-fold1,remind me to call the dentist,off_domain_negative,12,0.388221859931946,0.33520770072937,0.05301415920257602,0.2986321999476508,0.27719098329544056,0.021441216652210215,2.484047595329837,0.0,4.0,48,False,developer phone windows,3,2,0,1,False,29,6,False,remind,153,236,153,0.0,True,Windows Phone was developed by Microsoft.
mxbai,bench_factconsolidation_sh_6k_fold1,bench,calib-factconsolidation_sh_6k-fold1,what's the best way to learn guitar?,off_domain_negative,12,0.46392285823822,0.457660675048828,0.006262183189391979,0.3702461272478102,0.3652484233562762,0.004997703891533978,2.480386325674068,0.5,4.0,48,False,john mcvie music plays type,10,1,0,1,False,36,7,True,what's,153,236,153,0.0,True,The type of music that John McVie plays is rock music.
mxbai,bench_factconsolidation_sh_6k_fold1,bench,calib-factconsolidation_sh_6k-fold1,can you rewrite that paragraph more concisely?,off_domain_negative,12,0.464085876941681,0.45999586582183805,0.004090011119842973,0.35698913610898536,0.35384297370910617,0.003146162399879193,2.481461175664653,0.0,5.0,10,False,language speaks waynflete william,2,3,0,1,False,46,7,True,can,153,236,153,0.0,False,William Waynflete speaks the language of English.
mxbai,chat,chat,calib-chat,what's my deploy setup?,positive,12,0.7406904697418211,0.527710139751434,0.21298032999038707,0.7406904697418211,0.4059308767318723,0.3347595930099488,2.4344892666700124,6.0,6.0,1,True,user,0,1,0,1,True,23,4,True,what's,12,12,1,0.06533002853393555,True,the user deploys to staging by default
mxbai,chat,chat,calib-chat,where do I deploy again?,positive,12,0.66962605714798,0.49142920970916704,0.17819684743881292,0.66962605714798,0.37802246900705155,0.2916035881409284,2.442083411993846,6.0,6.0,1,True,user,0,1,0,1,True,24,5,True,where,12,12,1,0.06533002853393555,True,the user deploys to staging by default
mxbai,chat,chat,calib-chat,what's my default deploy target?,positive,12,0.774321436882019,0.531699359416962,0.24262207746505704,0.7743214368820192,0.4089995072438169,0.36532192963820226,2.4257744970299955,3.5,3.5,1,True,user,0,1,0,1,True,32,5,True,what's,12,12,1,0.06533002853393555,True,the user deploys to staging by default
mxbai,chat,chat,calib-chat,which language should I use for the backend?,positive,12,0.788175344467163,0.532724797725677,0.25545054674148593,0.7006003061930335,0.532724797725677,0.16787550846735644,2.4427116150947072,2.33333333333333,4.5,12,False,user,0,1,0,1,True,44,8,True,which,12,12,1,0.06533002853393555,True,the user prefers Python for backend work
mxbai,chat,chat,calib-chat,remind me which language I prefer,positive,12,0.581753492355347,0.5001063346862791,0.08164715766906794,0.581753492355347,0.442401757607093,0.13935173474825402,2.460415670275857,7.0,7.0,2,True,user,0,1,0,1,True,33,6,False,remind,12,12,1,0.06533002853393555,True,the user prefers Python for backend work
mxbai,chat,chat,calib-chat,what city am I in?,positive,12,0.598178625106812,0.584006428718567,0.014172196388244962,0.598178625106812,0.4492357143988977,0.14894291070791427,2.4489872305214027,2.0,2.0,3,True,user,0,1,0,1,True,18,5,True,what,12,12,1,0.06533002853393555,True,the user is based in Amsterdam
mxbai,chat,chat,calib-chat,where do I live?,positive,12,0.539405941963196,0.535458385944366,0.003947556018830012,0.4149276476639969,0.41189106611105075,0.0030365815529461715,2.4702300840371607,0.0,0.0,0,False,user,0,1,0,1,True,16,4,True,where,12,12,1,0.06533002853393555,True,the user is based in Amsterdam
mxbai,chat,chat,calib-chat,which editor do I use?,positive,12,0.756358683109283,0.5882272124290471,0.16813147068023593,0.756358683109283,0.452482471099267,0.303876212010016,2.4278405417161557,4.0,4.0,1,True,user,0,1,0,1,True,22,5,True,which,12,12,1,0.06533002853393555,True,the user uses Neovim as their editor
mxbai,chat,chat,calib-chat,what's my editor setup?,positive,12,0.750717043876648,0.5627008080482481,0.18801623582839988,0.750717043876648,0.4328467754217293,0.31787026845491867,2.4415392218427825,8.0,8.0,1,True,user,0,1,0,1,True,23,4,True,what's,12,12,1,0.06533002853393555,True,the user uses Neovim as their editor
mxbai,chat,chat,calib-chat,how do I run the tests?,positive,12,0.734705626964569,0.503046870231628,0.231658756732941,0.734705626964569,0.40147009835793385,0.33323552860663513,2.4415873001220803,8.0,8.0,12,True,user,0,1,0,1,True,23,6,True,how,12,12,1,0.06533002853393555,True,the user runs tests with pytest
mxbai,chat,chat,calib-chat,which test framework do I run?,positive,12,0.6357318758964541,0.568581998348236,0.0671498775482181,0.6357318758964541,0.4373707679601815,0.1983611079362726,2.4422262958257854,15.0,15.0,1,True,user,0,1,0,1,True,30,6,True,which,12,12,1,0.06533002853393555,True,the user runs tests with pytest
mxbai,chat,chat,calib-chat,run the tests again,positive,12,0.6871345639228821,0.488056778907776,0.1990777850151061,0.6871345639228821,0.389506852397552,0.2976277115253301,2.447125962778532,8.0,8.0,12,True,user,0,1,0,1,True,19,4,False,run,12,12,1,0.06533002853393555,True,the user runs tests with pytest
mxbai,chat,chat,calib-chat,what's my dog called?,positive,12,0.654709994792938,0.36374330520629905,0.29096668958663896,0.5791665338552913,0.36374330520629905,0.21542322864899222,2.438141283505821,8.0,16.0,2,False,user,0,1,0,1,True,21,4,True,what's,12,12,1,0.06533002853393555,True,the user has a dog named Pixel
mxbai,chat,chat,calib-chat,tell me about my dog,positive,12,0.640486001968384,0.42603266239166304,0.21445333957672097,0.640486001968384,0.32771743260897157,0.31276856935941244,2.439422615043057,8.0,8.0,1,True,user,0,1,0,1,True,20,5,False,tell,12,12,1,0.06533002853393555,True,the user has a dog named Pixel
mxbai,chat,chat,calib-chat,who do I work for?,positive,12,0.60271817445755,0.475203037261963,0.12751513719558705,0.5215830355882645,0.475203037261963,0.046379998326301464,2.456522622649464,5.0,12.0,3,False,user,0,1,0,1,True,18,5,True,who,12,12,1,0.06533002853393555,True,the user works at a company called Northgate
mxbai,chat,chat,calib-chat,what company do I work at?,positive,12,0.63536012172699,0.47840338945388805,0.15695673227310192,0.63536012172699,0.46880332143809095,0.16655680028889902,2.4349617178516865,7.66666666666667,7.66666666666667,3,True,user,0,1,0,1,True,26,6,True,what,12,12,1,0.06533002853393555,True,the user works at a company called Northgate
mxbai,chat,chat,calib-chat,do I prefer light or dark mode?,positive,12,0.7690722346305849,0.43358713388443004,0.3354851007461549,0.7690722346305849,0.394433780657408,0.37463845397317697,2.4197157401791256,11.5,11.5,2,True,user,0,1,0,1,True,31,7,True,do,12,12,1,0.06533002853393555,True,the user prefers dark mode in the terminal
mxbai,chat,chat,calib-chat,any food allergies I should know about?,positive,12,0.613727629184723,0.384716331958771,0.22901129722595204,0.47209817629594075,0.29593563996828537,0.17616253632765538,2.4453166711195133,0.0,0.0,0,False,user,0,1,0,1,True,39,7,True,any,12,12,1,0.06533002853393555,True,the user is allergic to peanuts
mxbai,chat,chat,calib-chat,am I allergic to anything?,positive,12,0.617205023765564,0.36493706703186,0.25226795673370395,0.617205023765564,0.28072082079373845,0.3364842029718255,2.427623846105548,20.0,20.0,3,True,user,0,1,0,1,True,26,5,True,am,12,12,1,0.06533002853393555,True,the user is allergic to peanuts
mxbai,chat,chat,calib-chat,what do I take in my coffee?,positive,12,0.690817058086395,0.417943239212036,0.272873818874359,0.690817058086395,0.3214947993938739,0.36932225869252117,2.412749053392244,9.0,9.0,3,True,user,0,1,0,1,True,28,7,True,what,12,12,1,0.06533002853393555,True,the user drinks oat milk in their coffee
mxbai,chat,chat,calib-chat,what kind of milk do I use?,positive,12,0.638290226459503,0.37386405467987105,0.2644261717796319,0.638290226459503,0.37386405467987105,0.2644261717796319,2.4265982170245293,8.0,8.0,3,False,user,0,1,0,1,True,27,7,True,what,12,12,1,0.06533002853393555,True,the user drinks oat milk in their coffee
mxbai,chat,chat,calib-chat,how big is my team?,positive,12,0.61064338684082,0.417331218719482,0.193312168121338,0.61064338684082,0.3210240143996015,0.2896193724412185,2.430713634987193,5.0,5.0,3,True,user,0,1,0,1,True,19,5,True,how,12,12,1,0.06533002853393555,True,the user manages a team of six engineers
mxbai,chat,chat,calib-chat,how many engineers report to me?,positive,12,0.638974487781525,0.49633413553237904,0.14264035224914595,0.638974487781525,0.3817954888710608,0.2571789989104642,2.433060909810483,14.0,14.0,4,True,user,0,1,0,1,True,32,6,True,how,12,12,1,0.06533002853393555,True,the user manages a team of six engineers
mxbai,chat,chat,calib-chat,how often do I go to Lisbon?,positive,12,0.761415958404541,0.51007479429245,0.25134116411209106,0.761415958404541,0.39236522637880766,0.36905073202573335,2.377253727020953,12.0,12.0,3,True,user,0,1,0,1,True,28,7,True,how,12,12,1,0.06533002853393555,True,the user travels to Lisbon every quarter for work
mxbai,chat,chat,calib-chat,what are my travel plans?,positive,12,0.587953388690948,0.542247712612152,0.045705676078796054,0.587953388690948,0.41711362508627076,0.17083976360467729,2.443627723676256,8.0,8.0,1,True,user,0,1,0,1,True,25,5,True,what,12,12,1,0.06533002853393555,True,the user travels to Lisbon every quarter for work
mxbai,chat,chat,calib-chat,where does my code end up when I ship?,positive,12,0.48423993587493896,0.481680989265442,0.0025589466094969593,0.37249225836533767,0.37052383789649385,0.0019684204688438234,2.4740074366713283,0.0,0.0,0,False,user,0,1,0,1,True,38,9,True,where,12,12,1,0.06533002853393555,True,the user works at a company called Northgate
mxbai,chat,chat,calib-chat,what should I write the server in?,positive,12,0.5730412602424619,0.537919938564301,0.035121321678160955,0.5069211148298701,0.4758522533453431,0.031068861484527033,2.4677277972273552,1.0,2.0,12,False,user,0,1,0,1,True,34,7,True,what,12,12,1,0.06533002853393555,True,the user prefers Python for backend work
mxbai,chat,chat,calib-chat,which city do I call home?,positive,12,0.43133342266082797,0.516300439834595,-0.08496701717376698,0.4313334226608279,0.39715418448814993,0.034179238172677984,2.4575150563617116,8.0,8.0,1,True,user,0,1,0,1,True,26,6,True,which,12,12,1,0.06533002853393555,True,the user works at a company called Northgate
mxbai,chat,chat,calib-chat,what do I type into all day?,positive,12,0.525659024715424,0.521827340126038,0.0038316845893859863,0.40435309593494156,0.4014056462507985,0.0029474496841430664,2.4783839327742885,0.0,0.0,0,False,user,0,1,0,1,True,28,7,True,what,12,12,1,0.06533002853393555,True,the user uses Neovim as their editor
mxbai,chat,chat,calib-chat,how do I check nothing is broken?,positive,12,0.428719520568848,0.5371415615081789,-0.10842204093933094,0.428719520568848,0.413185816544753,0.015533704024094985,2.4743896091035946,1.0,1.0,2,True,user,0,1,0,1,True,33,7,True,how,12,12,1,0.06533002853393555,True,the user is based in Amsterdam
mxbai,chat,chat,calib-chat,what's my pet called?,positive,12,0.6637787222862239,0.40057265758514404,0.2632060647010799,0.5105990171432492,0.4005726575851441,0.11002635955810508,2.4609746233197867,0.0,16.0,1,False,user,0,1,0,1,True,21,4,True,what's,12,12,1,0.06533002853393555,True,the user has a dog named Pixel
mxbai,chat,chat,calib-chat,who employs me?,positive,12,0.596969366073608,0.5065931081771851,0.0903762578964229,0.4592072046720061,0.38968700629014236,0.06952019838186374,2.4689105484036897,0.0,0.0,0,False,user,0,1,0,1,True,15,3,True,who,12,12,1,0.06533002853393555,True,the user works at a company called Northgate
mxbai,chat,chat,calib-chat,is my shell bright or dim?,positive,12,0.655919194221497,0.458746314048767,0.19717288017273005,0.5045532263242285,0.4587463140487669,0.045806912275461575,2.462207310397637,0.0,1.0,2,False,user,0,1,0,1,True,26,6,True,is,12,12,1,0.06533002853393555,True,the user prefers dark mode in the terminal
mxbai,chat,chat,calib-chat,anything I can't eat?,positive,12,0.498671114444733,0.355199575424194,0.143471539020539,0.3835931649574869,0.2732304426339954,0.11036272232349154,2.4696475228712673,0.0,0.0,0,False,user,0,1,0,1,True,21,4,True,anything,12,12,1,0.06533002853393555,True,the user is allergic to peanuts
mxbai,chat,chat,calib-chat,what goes in my flat white?,positive,12,0.46706175804138195,0.43161714076995805,0.035444617271423895,0.46706175804138195,0.431617140769958,0.03544461727142395,2.4661238144143787,2.0,2.0,3,False,user,0,1,0,1,True,27,6,True,what,12,12,1,0.06533002853393555,True,the user drinks oat milk in their coffee
mxbai,chat,chat,calib-chat,how many people report to me?,positive,12,0.439894914627075,0.431921303272247,0.007973611354827992,0.439894914627075,0.4319213032722469,0.007973611354828047,2.467821604441467,4.0,4.0,3,True,user,0,1,0,1,True,29,6,True,how,12,12,1,0.06533002853393555,True,the user deploys to staging by default
mxbai,chat,chat,calib-chat,do I go abroad for work often?,positive,12,0.645965278148651,0.493705093860626,0.152260184288025,0.645965278148651,0.4272447927640033,0.21872048538464772,2.422308830521197,12.0,12.0,3,True,user,0,1,0,1,True,30,7,True,do,12,12,1,0.06533002853393555,True,the user travels to Lisbon every quarter for work
mxbai,chat,chat,calib-chat,what's the weather in Paris?,off_domain_negative,12,0.45913863182067904,0.459747195243835,-0.0006085634231559611,0.40616109737983136,0.3934375036221281,0.012723593757703267,2.45744501224667,1.0,2.0,12,False,user,0,1,0,1,True,28,5,True,what's,12,12,1,0.06533002853393555,True,the user travels to Lisbon every quarter for work
mxbai,chat,chat,calib-chat,how do I center a div in CSS?,off_domain_negative,12,0.36993241310119596,0.39683580398559604,-0.02690339088440008,0.36993241310119596,0.35104705737187336,0.018885355729322595,2.470900561875684,2.0,2.0,3,True,user,0,1,0,1,True,29,8,True,how,12,12,1,0.06533002853393555,True,the user is based in Amsterdam
mxbai,chat,chat,calib-chat,explain the difference between TCP and UDP,off_domain_negative,12,0.46276319026947,0.438008308410645,0.024754881858825017,0.46276319026946994,0.4380083084106449,0.024754881858825017,2.4779477866164212,1.0,1.0,12,False,user,0,1,0,1,True,42,7,False,explain,12,12,1,0.06533002853393555,True,the user prefers Python for backend work
mxbai,chat,chat,calib-chat,write me a haiku about autumn,off_domain_negative,12,0.44907248020172097,0.433337926864624,0.015734553337096946,0.3454403693859392,0.33333686681894154,0.01210350256699766,2.48108438857892,0.0,0.0,0,False,user,0,1,0,1,True,29,6,False,write,12,12,1,0.06533002853393555,True,the user uses Neovim as their editor
mxbai,chat,chat,calib-chat,what time is it in Tokyo?,off_domain_negative,12,0.528176307678223,0.48840606212616,0.03977024555206299,0.497704597619864,0.3756969708662769,0.12200762675358712,2.4590543458326084,1.5,2.0,4,False,user,0,1,0,1,True,25,6,True,what,12,12,1,0.06533002853393555,True,the user is based in Amsterdam
mxbai,chat,chat,calib-chat,summarize this article for me,off_domain_negative,12,0.46121221780777,0.407354116439819,0.053858101367950995,0.46121221780777,0.407354116439819,0.053858101367950995,2.474514947709193,5.0,5.0,2,False,user,0,1,0,1,True,29,5,False,summarize,12,12,1,0.06533002853393555,True,the user travels to Lisbon every quarter for work
mxbai,chat,chat,calib-chat,can you explain that again?,off_domain_negative,12,0.42171251773834195,0.41766095161438,0.004051566123961958,0.3243942444141092,0.3212776550879846,0.0031165893261245747,2.4828494290124223,0.0,0.0,0,False,user,0,1,0,1,True,27,5,True,can,12,12,1,0.06533002853393555,True,the user is based in Amsterdam
mxbai,chat,chat,calib-chat,"thanks, that helps",off_domain_negative,12,0.44863462448120095,0.43854117393493697,0.010093450546263982,0.3451035572932315,0.33733936456533614,0.007764192727895358,2.481883545108685,0.0,0.0,0,False,user,0,1,0,1,True,18,3,False,thanks,12,12,1,0.06533002853393555,True,the user is based in Amsterdam
mxbai,chat,chat,calib-chat,what's 17 times 23?,off_domain_negative,12,0.406011402606964,0.392636656761169,0.01337474584579501,0.3123164635438185,0.3020281975085915,0.010288266035226978,2.481425218961722,0.0,0.0,0,False,user,0,1,0,1,True,19,4,True,what's,12,12,1,0.06533002853393555,True,the user is based in Amsterdam
mxbai,chat,chat,calib-chat,translate 'good morning' into Japanese,off_domain_negative,12,0.443750381469727,0.40300989151001,0.04074048995971702,0.3413464472844054,0.3100076088538538,0.031338838430551574,2.4790174226247523,0.0,0.0,0,False,user,0,1,0,1,True,38,5,False,translate,12,12,1,0.06533002853393555,True,the user drinks oat milk in their coffee
mxbai,chat,chat,calib-chat,give me a recipe for banana bread,off_domain_negative,12,0.39541697502136197,0.38454234600067105,0.010874629020690918,0.39541697502136197,0.38454234600067105,0.010874629020690918,2.473561615148839,5.0,5.0,2,True,user,0,1,0,1,True,33,7,False,give,12,12,1,0.06533002853393555,True,the user prefers Python for backend work
mxbai,chat,chat,calib-chat,what does HTTP 429 mean?,off_domain_negative,12,0.450209021568298,0.42821478843689,0.021994233131408025,0.34631463197561385,0.3293959911053,0.01691864087031386,2.4739941189202743,0.0,0.0,0,False,user,0,1,0,1,True,24,5,True,what,12,12,1,0.06533002853393555,True,the user is based in Amsterdam
mxbai,chat,chat,calib-chat,how long should I boil an egg?,off_domain_negative,12,0.388569235801697,0.384942948818207,0.0036262869834899902,0.29889941215515153,0.29610996062939,0.0027894515257615438,2.4803368651825752,0.0,0.0,0,False,user,0,1,0,1,True,30,7,True,how,12,12,1,0.06533002853393555,True,the user is allergic to peanuts
mxbai,chat,chat,calib-chat,draft an email declining a meeting,off_domain_negative,12,0.49502664804458596,0.475951790809631,0.019074857234954945,0.3807897292650661,0.3661167621612546,0.014672967103811496,2.47749183810373,0.0,0.0,0,False,user,0,1,0,1,True,34,6,False,draft,12,12,1,0.06533002853393555,True,the user is based in Amsterdam
mxbai,chat,chat,calib-chat,explain recursion like I'm five,off_domain_negative,12,0.435133099555969,0.42712509632110596,0.00800800323486306,0.3347177688892069,0.3285577664008507,0.006160002488356187,2.476318479819018,0.0,0.0,0,False,user,0,1,0,1,True,31,5,False,explain,12,12,1,0.06533002853393555,True,the user uses Neovim as their editor
mxbai,chat,chat,calib-chat,is it going to rain tomorrow?,off_domain_negative,12,0.39921230077743497,0.355174481868744,0.04403781890869096,0.39921230077743497,0.355174481868744,0.04403781890869096,2.468368558472593,4.0,4.0,4,False,user,0,1,0,1,True,29,6,True,is,12,12,1,0.06533002853393555,True,the user travels to Lisbon every quarter for work
mxbai,chat,chat,calib-chat,set a timer for 10 minutes,off_domain_negative,12,0.41965746879577603,0.41563355922698997,0.004023909568786066,0.4196574687957761,0.41563355922698997,0.0040239095687861215,2.4797786698133115,5.0,5.0,2,True,user,0,1,0,1,True,26,6,False,set,12,12,1,0.06533002853393555,True,the user prefers Python for backend work
mxbai,chat,chat,calib-chat,help me debug this stack trace,off_domain_negative,12,0.53828626871109,0.5150489211082461,0.023237347602843905,0.41406636054699225,0.3961914777755739,0.017874882771418354,2.4776975374785044,0.0,0.0,0,False,user,0,1,0,1,True,30,6,False,help,12,12,1,0.06533002853393555,True,the user uses Neovim as their editor
mxbai,chat,chat,calib-chat,how do I revert a git commit?,off_domain_negative,12,0.499808490276337,0.48155772686004605,0.01825076341629095,0.38446806944333617,0.37042902066157385,0.01403904878176232,2.4636476676075034,0.0,0.0,0,False,user,0,1,0,1,True,29,7,True,how,12,12,1,0.06533002853393555,True,the user uses Neovim as their editor
mxbai,chat,chat,calib-chat,what are the side effects of ibuprofen?,off_domain_negative,12,0.47041320800781194,0.413333058357239,0.05708014965057295,0.47041320800781194,0.41333305835723905,0.0570801496505729,2.471981834151747,1.0,1.0,12,False,user,0,1,0,1,True,39,7,True,what,12,12,1,0.06533002853393555,True,the user is allergic to peanuts
mxbai,chat,chat,calib-chat,recommend a sci-fi novel,off_domain_negative,12,0.40337193012237504,0.38587701320648204,0.017494916915893,0.31028610009413465,0.29682847169729387,0.013457628396840782,2.4784823152165023,0.0,0.0,0,False,user,0,1,0,1,True,24,4,False,recommend,12,12,1,0.06533002853393555,True,the user prefers dark mode in the terminal
mxbai,chat,chat,calib-chat,convert 200 pounds to kilograms,off_domain_negative,12,0.396387815475464,0.37896192073822,0.017425894737243985,0.396387815475464,0.37896192073822,0.017425894737243985,2.4735772117353356,4.0,4.0,3,False,user,0,1,0,1,True,31,5,False,convert,12,12,1,0.06533002853393555,True,the user is allergic to peanuts
mxbai,chat,chat,calib-chat,what's the difference between a list and a tuple?,off_domain_negative,12,0.45876920223236095,0.422186315059662,0.036582887172698975,0.4587692022323609,0.422186315059662,0.03658288717269892,2.471108381247183,1.0,1.0,12,False,user,0,1,0,1,True,49,9,True,what's,12,12,1,0.06533002853393555,True,the user prefers Python for backend work
mxbai,chat,chat,calib-chat,how many calories are in an avocado?,off_domain_negative,12,0.334200978279114,0.305541396141052,0.028659582138061968,0.334200978279114,0.305541396141052,0.028659582138061968,2.464810450424004,2.0,2.0,3,False,user,0,1,0,1,True,36,7,True,how,12,12,1,0.06533002853393555,True,the user drinks oat milk in their coffee
mxbai,chat,chat,calib-chat,explain quantum entanglement briefly,off_domain_negative,12,0.35653769969940197,0.35473537445068404,0.0018023252487179287,0.27425976899953997,0.27287336496206466,0.0013864040374753084,2.4810055768398507,0.0,0.0,0,False,user,0,1,0,1,True,36,4,False,explain,12,12,1,0.06533002853393555,True,the user uses Neovim as their editor
mxbai,chat,chat,calib-chat,why is the sky blue?,off_domain_negative,12,0.414948105812073,0.38525843620300304,0.029689669609069935,0.414948105812073,0.38525843620300304,0.029689669609069935,2.4769234189713605,1.0,1.0,12,False,user,0,1,0,1,True,20,5,True,why,12,12,1,0.06533002853393555,True,the user prefers dark mode in the terminal
mxbai,chat,chat,calib-chat,what's a good name for a startup?,off_domain_negative,12,0.42159867286682096,0.404455423355103,0.017143249511717973,0.4215986728668209,0.3694544732570652,0.05214419960975569,2.462577546132092,8.0,8.0,3,True,user,0,1,0,1,True,33,7,True,what's,12,12,1,0.06533002853393555,True,the user has a dog named Pixel
mxbai,chat,chat,calib-chat,tell me a joke,off_domain_negative,12,0.477008700370789,0.453335702419281,0.023672997951508012,0.36692976951599154,0.3487197710917546,0.01820999842423693,2.480475240384038,0.0,0.0,0,False,user,0,1,0,1,True,14,4,False,tell,12,12,1,0.06533002853393555,True,the user has a dog named Pixel
mxbai,chat,chat,calib-chat,what does this error mean: ECONNREFUSED,off_domain_negative,12,0.49225854873657204,0.46648538112640403,0.025773167610168013,0.3786604221050554,0.3588349085587723,0.01982551354628309,2.4806114085461615,0.0,0.0,0,False,user,0,1,0,1,True,39,6,False,what,12,12,1,0.06533002853393555,True,the user is based in Amsterdam
mxbai,chat,chat,calib-chat,how far away is the moon?,off_domain_negative,12,0.38019597530365,0.360212743282318,0.01998323202133201,0.38019597530365,0.360212743282318,0.01998323202133201,2.477508898420562,1.0,1.0,12,False,user,0,1,0,1,True,25,6,True,how,12,12,1,0.06533002853393555,True,the user has a dog named Pixel
mxbai,chat,chat,calib-chat,write a SQL query joining two tables,off_domain_negative,12,0.393357992172241,0.35205841064453103,0.04129958152770996,0.3025830709017238,0.2708141620342546,0.03176890886746919,2.4789319018013223,0.0,0.0,0,False,user,0,1,0,1,True,36,7,False,write,12,12,1,0.06533002853393555,True,the user works at a company called Northgate
mxbai,chat,chat,calib-chat,open the file and show me line 40,off_domain_negative,12,0.5628265738487239,0.49404537677764904,0.06878119707107488,0.5628265738487239,0.49404537677764904,0.06878119707107488,2.4737582582545663,1.0,1.0,12,False,user,0,1,0,1,True,33,8,False,open,12,12,1,0.06533002853393555,True,the user uses Neovim as their editor
mxbai,chat,chat,calib-chat,what's on my calendar today?,off_domain_negative,12,0.49829214811325095,0.49046933650970503,0.00782281160354592,0.3833016523948084,0.3772841050074654,0.006017547387343003,2.4770682396279136,0.0,0.0,0,False,user,0,1,0,1,True,28,5,True,what's,12,12,1,0.06533002853393555,True,the user is based in Amsterdam
mxbai,chat,chat,calib-chat,should I use tabs or spaces?,off_domain_negative,12,0.575392246246338,0.5190553665161131,0.05633687973022494,0.575392246246338,0.3992733588585485,0.17611888738778952,2.4612046641204373,8.0,8.0,1,True,user,0,1,0,1,True,28,6,True,should,12,12,1,0.06533002853393555,True,the user uses Neovim as their editor
mxbai,chat,chat,calib-chat,which of these two designs looks better?,off_domain_negative,12,0.46637660264968905,0.352675318717957,0.11370128393173207,0.3587512328074531,0.352675318717957,0.006075914089496093,2.474529334047046,0.0,1.0,1,False,user,0,1,0,1,True,40,7,True,which,12,12,1,0.06533002853393555,True,the user prefers dark mode in the terminal
mxbai,chat,chat,calib-chat,book a table for two at 8pm,off_domain_negative,12,0.446550011634827,0.44736731052398704,-0.0008172988891600452,0.446550011634827,0.408652831728642,0.03789717990618502,2.464503904898102,8.0,8.0,3,True,user,0,1,0,1,True,27,7,False,book,12,12,1,0.06533002853393555,True,the user works at a company called Northgate
mxbai,chat,chat,calib-chat,remind me to call the dentist,off_domain_negative,12,0.46782183647155795,0.43011635541915905,0.037705481052398904,0.4570259479375987,0.430116355419159,0.026909592518439718,2.4762298544842745,1.5,1.66666666666667,12,False,user,0,1,0,1,True,29,6,False,remind,12,12,1,0.06533002853393555,True,the user works at a company called Northgate
mxbai,chat,chat,calib-chat,what's the best way to learn guitar?,off_domain_negative,12,0.331933736801147,0.32920891046524003,0.0027248263359069824,0.331933736801147,0.32920891046524003,0.0027248263359069824,2.477571543136856,1.66666666666667,1.66666666666667,12,False,user,0,1,0,1,True,36,7,True,what's,12,12,1,0.06533002853393555,True,the user travels to Lisbon every quarter for work
mxbai,chat,chat,calib-chat,can you rewrite that paragraph more concisely?,off_domain_negative,12,0.45658290386199996,0.40686738491058305,0.049715518951416904,0.35121761835538456,0.31297491146967926,0.0382427068857053,2.4809250423251212,0.0,0.0,0,False,user,0,1,0,1,True,46,7,True,can,12,12,1,0.06533002853393555,True,the user uses Neovim as their editor
mxbai,chat_crowded,chat_crowded,calib-chat-crowded,where does the web app deploy?,positive,12,0.864114284515381,0.733267962932587,0.13084632158279397,0.8641142845153809,0.5898024919240374,0.2743117925913434,2.4067555174064212,23.0,23.0,11,True,app web,0,2,2,1,True,30,6,True,where,13,13,13,0.05305004119873047,True,the web app deploys to staging
mxbai,chat_crowded,chat_crowded,calib-chat-crowded,what's the deploy target for the api?,positive,12,0.845616698265076,0.7056959867477419,0.1399207115173341,0.845616698265076,0.6039129117360484,0.24170378652902758,2.417635687671472,5.33333333333333,5.33333333333333,11,True,api,0,1,1,1,True,37,7,True,what's,13,13,13,0.05305004119873047,True,the api deploys to prod
mxbai,chat_crowded,chat_crowded,calib-chat-crowded,where does the docs site go?,positive,12,0.7088606953620911,0.5399408936500549,0.16891980171203613,0.7088606953620911,0.4203232187491197,0.28853747661297136,2.4296873611120766,25.0,25.0,11,True,docs site,0,2,2,1,True,28,6,True,where,13,13,13,0.05305004119873047,True,the docs site deploys to Netlify
mxbai,chat_crowded,chat_crowded,calib-chat-crowded,what OS is on the work laptop?,positive,12,0.837683916091919,0.703676104545593,0.1340078115463259,0.8376839160919188,0.5717368349432944,0.2659470811486244,2.3962989039158127,5.33333333333333,5.33333333333333,13,True,laptop user work,1,3,2,1,True,30,7,True,what,13,13,13,0.05305004119873047,True,the user's work laptop runs Linux
mxbai,chat_crowded,chat_crowded,calib-chat-crowded,what does the home desktop run?,positive,12,0.840304255485535,0.642569661140442,0.197734594345093,0.840304255485535,0.523941416006822,0.316362839478713,2.410844527520607,8.0,8.0,11,True,desktop home user,1,3,2,1,True,31,6,True,what,13,13,13,0.05305004119873047,True,the user's home desktop runs Windows
mxbai,chat_crowded,chat_crowded,calib-chat-crowded,what breed is Pixel?,positive,12,0.8158668279647829,0.435724139213562,0.3801426887512209,0.815866827964783,0.34774138033390045,0.4681254476308826,2.3908451064804885,8.0,8.0,4,True,pixel,0,1,1,1,True,20,4,True,what,13,13,13,0.05305004119873047,True,Pixel is a border collie
mxbai,chat_crowded,chat_crowded,calib-chat-crowded,what kind of cat is Mochi?,positive,12,0.894660115242004,0.37753212451934803,0.5171279907226559,0.8946601152420038,0.3057839379591099,0.5888761772828939,2.3004087502298303,5.66666666666667,5.66666666666667,4,True,mochi,0,1,1,1,True,26,6,True,what,13,13,13,0.05305004119873047,True,Mochi is a Siamese cat
mxbai,chat_crowded,chat_crowded,calib-chat-crowded,who leads the platform team?,positive,12,0.82096666097641,0.721897304058075,0.09906935691833507,0.82096666097641,0.6355164300682198,0.18545023090819024,2.413125419828896,27.0,27.0,11,True,sarah,0,1,0,1,True,28,5,True,who,13,13,13,0.05305004119873047,True,Sarah leads the platform team
mxbai,chat_crowded,chat_crowded,calib-chat-crowded,who runs the data team?,positive,12,0.787994146347046,0.744287014007568,0.04370713233947798,0.787994146347046,0.744287014007568,0.04370713233947798,2.4042856566976165,13.0,13.0,11,False,tom,0,1,0,1,True,23,5,True,who,13,13,13,0.05305004119873047,True,Tom leads the data team
mxbai,chat_crowded,chat_crowded,calib-chat-crowded,how big is the platform team?,positive,12,0.751183927059174,0.7186757922172551,0.032508134841918945,0.751183927059174,0.7186757922172551,0.032508134841918945,2.417402049901405,13.0,13.0,13,True,platform team,1,2,2,1,True,29,6,True,how,13,13,13,0.05305004119873047,True,the platform team has six engineers
mxbai,chat_crowded,chat_crowded,calib-chat-crowded,how many engineers are on the data team?,positive,12,0.877018570899963,0.685482919216156,0.19153565168380704,0.7586989057134591,0.685482919216156,0.0732159864973031,2.3995172700721783,5.4,13.0,11,False,data team,1,2,2,1,True,40,8,True,how,13,13,13,0.05305004119873047,True,the data team has four engineers
mxbai,chat_crowded,chat_crowded,calib-chat-crowded,which region is the staging cluster in?,positive,12,0.801096498966217,0.669071733951569,0.132024765014648,0.8010964989662169,0.5656229504713649,0.23547354849485203,2.4096467160602533,8.33333333333333,8.33333333333333,13,True,cluster staging,1,2,2,1,True,39,7,True,which,13,13,13,0.05305004119873047,True,the staging cluster is in eu-west-1
mxbai,chat_crowded,chat_crowded,calib-chat-crowded,where is the prod cluster hosted?,positive,12,0.677334308624268,0.652636408805847,0.024697899818421076,0.677334308624268,0.652636408805847,0.024697899818421076,2.4379809299999966,3.0,3.0,13,True,cluster production,1,2,1,1,True,33,6,True,where,13,13,13,0.05305004119873047,True,the production cluster is located in us-east-1
mxbai,chat_crowded,chat_crowded,calib-chat-crowded,where does the mobile app deploy?,hard_negative,12,0.750499486923218,0.69543069601059,0.05506879091262795,0.750499486923218,0.6098392257323635,0.1406602611908545,2.4269484599365647,7.5,7.5,11,True,app web,0,2,1,1,True,33,6,True,where,13,13,13,0.05305004119873047,True,the web app deploys to staging
mxbai,chat_crowded,chat_crowded,calib-chat-crowded,what's the deploy target for the admin panel?,hard_negative,12,0.6577742695808411,0.698860585689545,-0.041086316108703946,0.6577742695808411,0.6182228258022897,0.039551443778551354,2.457144715735703,4.0,4.0,11,True,api,0,1,0,1,True,45,8,True,what's,13,13,13,0.05305004119873047,True,the api deploys to prod
mxbai,chat_crowded,chat_crowded,calib-chat-crowded,where does the scheduler deploy?,hard_negative,12,0.682931780815125,0.683310806751251,-0.00037902593612604285,0.682931780815125,0.6307484370011546,0.052183343813970384,2.44330304773001,3.5,3.5,11,True,api,0,1,0,1,True,32,5,True,where,13,13,13,0.05305004119873047,True,the api deploys to prod
mxbai,chat_crowded,chat_crowded,calib-chat-crowded,what OS does the media server run?,hard_negative,12,0.568576455116272,0.547320246696472,0.021256208419800027,0.568576455116272,0.547320246696472,0.021256208419800027,2.452575184668794,1.6,1.6,11,True,desktop home user,1,3,0,1,True,34,7,True,what,13,13,13,0.05305004119873047,True,the user's home desktop runs Windows
mxbai,chat_crowded,chat_crowded,calib-chat-crowded,what does the tablet run?,hard_negative,12,0.5305996537208559,0.5193741917610171,0.011225461959838867,0.5305996537208559,0.5193741917610171,0.011225461959838867,2.461688104285065,1.6,1.6,11,True,desktop home user,1,3,0,1,True,25,5,True,what,13,13,13,0.05305004119873047,True,the user's home desktop runs Windows
mxbai,chat_crowded,chat_crowded,calib-chat-crowded,what breed is Luna?,hard_negative,12,0.472933053970337,0.40280622243881203,0.07012683153152499,0.47293305397033697,0.40280622243881203,0.07012683153152494,2.4376118962351345,1.0,1.0,4,False,pixel,0,1,0,1,True,19,4,True,what,13,13,13,0.05305004119873047,True,Pixel is a border collie
mxbai,chat_crowded,chat_crowded,calib-chat-crowded,what kind of dog is Biscuit?,hard_negative,12,0.5335673093795781,0.412661254405975,0.12090605497360307,0.5335673093795781,0.41266125440597495,0.12090605497360313,2.409580024989883,1.0,1.0,4,False,pixel,0,1,0,1,True,28,6,True,what,13,13,13,0.05305004119873047,True,Pixel is a border collie
mxbai,chat_crowded,chat_crowded,calib-chat-crowded,who leads the design team?,hard_negative,12,0.5799053311347959,0.574539363384247,0.005365967750548872,0.5799053311347959,0.574539363384247,0.005365967750548872,2.4253046652287273,10.0,10.0,11,True,tom,0,1,0,1,True,26,5,True,who,13,13,13,0.05305004119873047,True,Tom leads the data team
mxbai,chat_crowded,chat_crowded,calib-chat-crowded,who runs the QA team?,hard_negative,12,0.630160272121429,0.618832588195801,0.011327683925627996,0.630160272121429,0.618832588195801,0.011327683925627996,2.436615175588983,3.0,3.0,11,True,data team,1,2,1,1,True,21,5,True,who,13,13,13,0.05305004119873047,True,the data team has four engineers
mxbai,chat_crowded,chat_crowded,calib-chat-crowded,how big is the security team?,hard_negative,12,0.587993502616882,0.566610634326935,0.021382868289946955,0.587993502616882,0.566610634326935,0.021382868289946955,2.447518417834371,3.0,3.0,13,False,platform team,1,2,1,1,True,29,6,True,how,13,13,13,0.05305004119873047,True,the platform team has six engineers
mxbai,chat_crowded,chat_crowded,calib-chat-crowded,how many engineers are on the mobile team?,hard_negative,12,0.750341951847076,0.681566476821899,0.068775475025177,0.750341951847076,0.681566476821899,0.068775475025177,2.4145375439688523,4.0,4.0,11,False,platform team,1,2,1,1,True,42,8,True,how,13,13,13,0.05305004119873047,True,the platform team has six engineers
mxbai,chat_crowded,chat_crowded,calib-chat-crowded,which region is the dev cluster in?,hard_negative,12,0.641473829746246,0.6050012111663821,0.03647261857986395,0.641473829746246,0.6050012111663821,0.03647261857986395,2.4516527294933894,2.75,2.75,13,True,cluster production,1,2,1,1,True,35,7,True,which,13,13,13,0.05305004119873047,True,the production cluster is located in us-east-1
mxbai,chat_crowded,chat_crowded,calib-chat-crowded,where is the analytics cluster hosted?,hard_negative,12,0.571658372879028,0.567977964878082,0.003680408000945934,0.571658372879028,0.567977964878082,0.003680408000945934,2.4537549268862024,3.0,3.0,13,True,cluster production,1,2,1,1,True,38,6,True,where,13,13,13,0.05305004119873047,True,the production cluster is located in us-east-1
mxbai,chat_crowded,chat_crowded,calib-chat-crowded,what's the weather in Paris?,off_domain_negative,12,0.31273943185806297,0.325508236885071,-0.012768805027008057,0.31273943185806297,0.3067289155263169,0.006010516331746041,2.472292617671202,1.0,1.0,11,False,api,0,1,0,1,True,28,5,True,what's,13,13,13,0.05305004119873047,True,the api deploys to prod
mxbai,chat_crowded,chat_crowded,calib-chat-crowded,how do I center a div in CSS?,off_domain_negative,12,0.317673802375793,0.397236466407776,-0.07956266403198298,0.317673802375793,0.30556651262136614,0.012107289754426875,2.4708922095963675,2.0,2.0,2,False,cluster staging,1,2,0,1,True,29,8,True,how,13,13,13,0.05305004119873047,True,the staging cluster is in eu-west-1
mxbai,chat_crowded,chat_crowded,calib-chat-crowded,explain the difference between TCP and UDP,off_domain_negative,12,0.44211804866790805,0.40001767873764005,0.042100369930268,0.44211804866790805,0.40001767873764005,0.042100369930268,2.474486259317912,1.0,1.0,11,False,api,0,1,0,1,True,42,7,False,explain,13,13,13,0.05305004119873047,True,the api deploys to prod
mxbai,chat_crowded,chat_crowded,calib-chat-crowded,write me a haiku about autumn,off_domain_negative,12,0.397307753562927,0.38544994592666604,0.011857807636260986,0.3056213488945592,0.2964999584051277,0.009121390489431502,2.480085763990601,0.0,0.0,0,False,docs site,0,2,0,1,True,29,6,False,write,13,13,13,0.05305004119873047,True,the docs site deploys to Netlify
mxbai,chat_crowded,chat_crowded,calib-chat-crowded,what time is it in Tokyo?,off_domain_negative,12,0.30706942081451405,0.347537279129028,-0.04046785831451394,0.30706942081451405,0.29407000541686984,0.01299941539764421,2.480264184856444,3.0,3.0,4,True,cluster staging,1,2,0,1,True,25,6,True,what,13,13,13,0.05305004119873047,True,the staging cluster is in eu-west-1
mxbai,chat_crowded,chat_crowded,calib-chat-crowded,summarize this article for me,off_domain_negative,12,0.46920245885849,0.43569576740264904,0.03350669145584095,0.3609249683526846,0.33515059030973,0.025774378042954627,2.4805533274139147,0.0,0.0,0,False,docs site,0,2,0,1,True,29,5,False,summarize,13,13,13,0.05305004119873047,True,the docs site deploys to Netlify
mxbai,chat_crowded,chat_crowded,calib-chat-crowded,can you explain that again?,off_domain_negative,12,0.380463004112244,0.380174040794373,0.00028896331787098273,0.29266384931711076,0.2924415698418254,0.00022227947528535852,2.481495780704366,0.0,0.0,0,False,docs site,0,2,0,1,True,27,5,True,can,13,13,13,0.05305004119873047,True,the docs site deploys to Netlify
mxbai,chat_crowded,chat_crowded,calib-chat-crowded,"thanks, that helps",off_domain_negative,12,0.431792855262756,0.413385152816772,0.018407702445983998,0.33214835020212,0.31798857908982464,0.014159771112295383,2.481389509321468,0.0,0.0,0,False,docs site,0,2,0,1,True,18,3,False,thanks,13,13,13,0.05305004119873047,True,the docs site deploys to Netlify
mxbai,chat_crowded,chat_crowded,calib-chat-crowded,what's 17 times 23?,off_domain_negative,12,0.399297773838043,0.36448442935943604,0.034813344478606956,0.3071521337215715,0.28037263796879697,0.02677949575277455,2.4816887301600463,0.0,0.0,0,False,tom,0,1,0,1,True,19,4,True,what's,13,13,13,0.05305004119873047,True,Tom leads the data team
mxbai,chat_crowded,chat_crowded,calib-chat-crowded,translate 'good morning' into Japanese,off_domain_negative,12,0.386188507080078,0.34726667404174805,0.03892183303832997,0.2970680823692908,0.26712821080134463,0.02993987156794614,2.4790232235366436,0.0,0.0,0,False,mochi,0,1,0,1,True,38,5,False,translate,13,13,13,0.05305004119873047,True,Mochi is a Siamese cat
mxbai,chat_crowded,chat_crowded,calib-chat-crowded,give me a recipe for banana bread,off_domain_negative,12,0.394850194454193,0.38015019893646196,0.014699995517731046,0.3037309188109177,0.2924232299511246,0.011307688859793108,2.4778513602588044,0.0,0.0,0,False,api,0,1,0,1,True,33,7,False,give,13,13,13,0.05305004119873047,True,the api deploys to prod
mxbai,chat_crowded,chat_crowded,calib-chat-crowded,what does HTTP 429 mean?,off_domain_negative,12,0.48303496837616,0.460707664489746,0.02232730388641402,0.37156536028935383,0.35439051114595843,0.0171748491433954,2.4665171521058316,0.0,0.0,0,False,api,0,1,0,1,True,24,5,True,what,13,13,13,0.05305004119873047,True,the api deploys to prod
mxbai,chat_crowded,chat_crowded,calib-chat-crowded,how long should I boil an egg?,off_domain_negative,12,0.342950940132141,0.339178204536438,0.003772735595703014,0.2638084154862623,0.26090631118187535,0.0029021043043869765,2.481316825744357,0.0,0.0,0,False,app web,0,2,0,1,True,30,7,True,how,13,13,13,0.05305004119873047,True,the web app deploys to staging
mxbai,chat_crowded,chat_crowded,calib-chat-crowded,draft an email declining a meeting,off_domain_negative,12,0.405134439468384,0.398858785629272,0.006275653839111994,0.31164187651414155,0.30681445048405537,0.004827426030086179,2.4773267199677624,0.0,0.0,0,False,api,0,1,0,1,True,34,6,False,draft,13,13,13,0.05305004119873047,True,the api deploys to prod
mxbai,chat_crowded,chat_crowded,calib-chat-crowded,explain recursion like I'm five,off_domain_negative,12,0.402535080909729,0.371240735054016,0.031294345855713,0.30964236993056077,0.2855697961953969,0.02407257373516386,2.4799482972667075,0.0,0.0,0,False,api,0,1,0,1,True,31,5,False,explain,13,13,13,0.05305004119873047,True,the api deploys to prod
mxbai,chat_crowded,chat_crowded,calib-chat-crowded,is it going to rain tomorrow?,off_domain_negative,12,0.40338528156280495,0.36079752445220903,0.042587757110595925,0.40338528156280495,0.36079752445220903,0.042587757110595925,2.46080264417376,4.0,4.0,7,False,api,0,1,0,1,True,29,6,True,is,13,13,13,0.05305004119873047,True,the api deploys to prod
mxbai,chat_crowded,chat_crowded,calib-chat-crowded,set a timer for 10 minutes,off_domain_negative,12,0.43924152851104703,0.42098063230514504,0.01826089620590199,0.33787809885465153,0.32383125561934234,0.014046843235309192,2.4775043460029105,0.0,0.0,0,False,desktop home user,1,3,0,1,True,26,6,False,set,13,13,13,0.05305004119873047,True,the user's home desktop runs Windows
mxbai,chat_crowded,chat_crowded,calib-chat-crowded,help me debug this stack trace,off_domain_negative,12,0.498815417289734,0.478123784065247,0.02069163322448697,0.38370416714594924,0.36778752620403615,0.015916640941913085,2.477761493798174,0.0,0.0,0,False,api,0,1,0,1,True,30,6,False,help,13,13,13,0.05305004119873047,True,the api deploys to prod
mxbai,chat_crowded,chat_crowded,calib-chat-crowded,how do I revert a git commit?,off_domain_negative,12,0.448904633522034,0.442018985748291,0.006885647773743009,0.3453112565554108,0.3400146044217623,0.005296652133648494,2.4650950468500805,0.0,0.0,0,False,api,0,1,0,1,True,29,7,True,how,13,13,13,0.05305004119873047,True,the api deploys to prod
mxbai,chat_crowded,chat_crowded,calib-chat-crowded,what are the side effects of ibuprofen?,off_domain_negative,12,0.33117258548736594,0.32522451877594005,0.005948066711425892,0.33117258548736594,0.32522451877594005,0.005948066711425892,2.4743246012655824,1.0,1.0,11,False,desktop home user,1,3,0,1,True,39,7,True,what,13,13,13,0.05305004119873047,True,the user's home desktop runs Windows
mxbai,chat_crowded,chat_crowded,calib-chat-crowded,recommend a sci-fi novel,off_domain_negative,12,0.34317743778228804,0.33079791069030795,0.012379527091980091,0.26398264444791386,0.25445993130023686,0.009522713147676998,2.4811406037715384,0.0,0.0,0,False,app web,0,2,0,1,True,24,4,False,recommend,13,13,13,0.05305004119873047,True,the web app deploys to staging
mxbai,chat_crowded,chat_crowded,calib-chat-crowded,convert 200 pounds to kilograms,off_domain_negative,12,0.367461562156677,0.365401148796082,0.002060413360595037,0.367461562156677,0.365401148796082,0.002060413360595037,2.471927134010242,4.0,4.0,3,False,api,0,1,0,1,True,31,5,False,convert,13,13,13,0.05305004119873047,True,the api deploys to prod
mxbai,chat_crowded,chat_crowded,calib-chat-crowded,what's the difference between a list and a tuple?,off_domain_negative,12,0.39224332571029696,0.3802570104599,0.01198631525039695,0.392243325710297,0.3802570104599,0.011986315250397006,2.4711193348128138,1.0,1.0,11,False,data team,1,2,0,1,True,49,9,True,what's,13,13,13,0.05305004119873047,True,the data team has four engineers
mxbai,chat_crowded,chat_crowded,calib-chat-crowded,how many calories are in an avocado?,off_domain_negative,12,0.25261199474334695,0.29656720161438,-0.04395520687103305,0.25261199474334695,0.22812861662644615,0.024483378116900795,2.4813856998436643,2.0,2.0,2,True,cluster production,1,2,0,1,True,36,7,True,how,13,13,13,0.05305004119873047,True,the production cluster is located in us-east-1
mxbai,chat_crowded,chat_crowded,calib-chat-crowded,explain quantum entanglement briefly,off_domain_negative,12,0.342326521873474,0.327312111854553,0.01501441001892101,0.26332809374882615,0.2517785475804254,0.01154954616840076,2.4825139825781704,0.0,0.0,0,False,cluster production,1,2,0,1,True,36,4,False,explain,13,13,13,0.05305004119873047,True,the production cluster is located in us-east-1
mxbai,chat_crowded,chat_crowded,calib-chat-crowded,why is the sky blue?,off_domain_negative,12,0.37018239498138406,0.33668017387390103,0.03350222110748302,0.37018239498138406,0.33668017387390103,0.03350222110748302,2.478280351040229,1.0,1.0,13,False,api,0,1,0,1,True,20,5,True,why,13,13,13,0.05305004119873047,True,the api deploys to prod
mxbai,chat_crowded,chat_crowded,calib-chat-crowded,what's a good name for a startup?,off_domain_negative,12,0.489856481552124,0.48968046903610196,0.00017601251602206158,0.37681267811701846,0.3766772838739246,0.00013539424309388925,2.466728261872035,0.0,0.0,0,False,api,0,1,0,1,True,33,7,True,what's,13,13,13,0.05305004119873047,True,the api deploys to prod
mxbai,chat_crowded,chat_crowded,calib-chat-crowded,tell me a joke,off_domain_negative,12,0.399825274944305,0.374045491218567,0.02577978372573797,0.3075579038033115,0.2877273009373592,0.019830602865952285,2.4818839541752564,0.0,0.0,0,False,api,0,1,0,1,True,14,4,False,tell,13,13,13,0.05305004119873047,True,the api deploys to prod
mxbai,chat_crowded,chat_crowded,calib-chat-crowded,what does this error mean: ECONNREFUSED,off_domain_negative,12,0.470988988876343,0.462463796138763,0.008525192737580012,0.36229922221257155,0.3557413816452023,0.006557840567369244,2.4774614098241794,0.0,0.0,0,False,api,0,1,0,1,True,39,6,False,what,13,13,13,0.05305004119873047,True,the api deploys to prod
mxbai,chat_crowded,chat_crowded,calib-chat-crowded,how far away is the moon?,off_domain_negative,12,0.32175588607788097,0.317726850509644,0.004029035568236972,0.32175588607788097,0.317726850509644,0.004029035568236972,2.483243371451057,1.0,1.0,13,False,api,0,1,0,1,True,25,6,True,how,13,13,13,0.05305004119873047,True,the api deploys to prod
mxbai,chat_crowded,chat_crowded,calib-chat-crowded,write a SQL query joining two tables,off_domain_negative,12,0.37224555015564,0.35884904861450195,0.013396501541138028,0.28634273088895384,0.276037729703463,0.010305001185490825,2.476938515027431,0.0,0.0,0,False,tom,0,1,0,1,True,36,7,False,write,13,13,13,0.05305004119873047,True,Tom leads the data team
mxbai,chat_crowded,chat_crowded,calib-chat-crowded,open the file and show me line 40,off_domain_negative,12,0.443364381790161,0.436917722225189,0.006446659564972035,0.443364381790161,0.43691772222518893,0.00644665956497209,2.473393817788319,1.0,1.0,11,False,docs site,0,2,0,1,True,33,8,False,open,13,13,13,0.05305004119873047,True,the docs site deploys to Netlify
mxbai,chat_crowded,chat_crowded,calib-chat-crowded,what's on my calendar today?,off_domain_negative,12,0.415990233421326,0.40217077732086204,0.013819456100463978,0.31999248724717383,0.3093621364006631,0.010630350846510705,2.478190652448339,0.0,0.0,0,False,desktop home user,1,3,0,1,True,28,5,True,what's,13,13,13,0.05305004119873047,True,the user's home desktop runs Windows
mxbai,chat_crowded,chat_crowded,calib-chat-crowded,should I use tabs or spaces?,off_domain_negative,12,0.48300290107727095,0.47684156894683805,0.006161332130432906,0.37154069313636223,0.3668012068821831,0.004739486254179137,2.472130783769561,0.0,0.0,0,False,app web,0,2,0,1,True,28,6,True,should,13,13,13,0.05305004119873047,True,the web app deploys to staging
mxbai,chat_crowded,chat_crowded,calib-chat-crowded,which of these two designs looks better?,off_domain_negative,12,0.36268126964569103,0.361411452293396,0.001269817352295033,0.27898559203514695,0.27800880945645845,0.0009767825786884954,2.4834608001755765,0.0,0.0,0,False,platform team,1,2,0,1,True,40,7,True,which,13,13,13,0.05305004119873047,True,the platform team has six engineers
mxbai,chat_crowded,chat_crowded,calib-chat-crowded,book a table for two at 8pm,off_domain_negative,12,0.42357456684112504,0.40146505832672097,0.022109508514404075,0.3258265898777885,0.3088192756359392,0.017007314241849314,2.480132218551173,0.0,0.0,0,False,sarah,0,1,0,1,True,27,7,False,book,13,13,13,0.05305004119873047,True,Sarah leads the platform team
mxbai,chat_crowded,chat_crowded,calib-chat-crowded,remind me to call the dentist,off_domain_negative,12,0.38491344451904297,0.36663401126861594,0.018279433250427024,0.38491344451904297,0.3454820490800418,0.03943139543900115,2.474771163674377,1.66666666666667,1.66666666666667,11,True,api,0,1,0,1,True,29,6,False,remind,13,13,13,0.05305004119873047,True,the api deploys to prod
mxbai,chat_crowded,chat_crowded,calib-chat-crowded,what's the best way to learn guitar?,off_domain_negative,12,0.326321721076965,0.326133131980896,0.00018858909606900287,0.3074954679379093,0.29602853518265937,0.011466932755249903,2.4647377185169606,1.25,1.66666666666667,11,False,app web,0,2,0,1,True,36,7,True,what's,13,13,13,0.05305004119873047,True,the web app deploys to staging
mxbai,chat_crowded,chat_crowded,calib-chat-crowded,can you rewrite that paragraph more concisely?,off_domain_negative,12,0.405977845191956,0.38716185092926003,0.01881599426269598,0.31229065014765844,0.2978168084071231,0.014473841740535343,2.4796185385801146,0.0,0.0,0,False,docs site,0,2,0,1,True,46,7,True,can,13,13,13,0.05305004119873047,True,the docs site deploys to Netlify
